,mgCST
323752_MG,mgCST 21
323756_MG,mgCST 20
323757_MG,mgCST 20
323758_MG,mgCST 20
323760_MG,mgCST 20
323761_MG,mgCST 20
323762_MG,mgCST 20
323763_MG,mgCST 20
323766_MG,mgCST 20
323767_MG,mgCST 20
323769_MG,mgCST 20
323770_MG,mgCST 20
323773_MG,mgCST 14
323774_MG,mgCST 20
323775_MG,mgCST 20
323781_MG,mgCST 22
323783_MG,mgCST 20
323784_MG,mgCST 20
323785_MG,mgCST 24
323789_MG,mgCST 20
323790_MG,mgCST 20
323791_MG,mgCST 20
323793_MG,mgCST 20
323795_MG,mgCST 20
323796_MG,mgCST 20
323805_MG,mgCST 20
323806_MG,mgCST 20
323810_MG,mgCST 20
323812_MG,mgCST 22
323813_MG,mgCST 14
323816_MG,mgCST 20
323819_MG,mgCST 20
323823_MG,mgCST 20
323824_MG,mgCST 20
323825_MG,mgCST 22
323829_MG,mgCST 20
323830_MG,mgCST 19
323840_MG,mgCST 20
323843_MG,mgCST 20
323853_MG,mgCST 20
323854_MG,mgCST 22
323858_MG,mgCST 20
323864_MG,mgCST 20
323865_MG,mgCST 19
323873_MG,mgCST 20
323875_MG,mgCST 14
323876_MG,mgCST 20
323877_MG,mgCST 20
323878_MG,mgCST 20
323880_MG,mgCST 23
323881_MG,mgCST 20
323884_MG,mgCST 20
323886_MG,mgCST 20
323887_MG,mgCST 14
323888_MG,mgCST 20
323890_MG,mgCST 20
323891_MG,mgCST 20
323892_MG,mgCST 20
323893_MG,mgCST 22
323894_MG,mgCST 20
323896_MG,mgCST 22
323897_MG,mgCST 20
323898_MG,mgCST 20
323900_MG,mgCST 22
342278_MG,mgCST 20
342282_MG,mgCST 14
342290_MG,mgCST 20
342291_MG,mgCST 22
342294_MG,mgCST 14
342295_MG,mgCST 20
342298_MG,mgCST 22
342300_MG,mgCST 20
342302_MG,mgCST 20
342305_MG,mgCST 14
342306_MG,mgCST 20
342310_MG,mgCST 22
342312_MG,mgCST 20
342315_MG,mgCST 22
342317_MG,mgCST 20
342324_MG,mgCST 20
342326_MG,mgCST 20
342328_MG,mgCST 20
342330_MG,mgCST 20
342333_MG,mgCST 20
342334_MG,mgCST 20
342341_MG,mgCST 22
342343_MG,mgCST 20
342345_MG,mgCST 22
342350_MG,mgCST 19
342351_MG,mgCST 20
342355_MG,mgCST 20
342359_MG,mgCST 24
342363_MG,mgCST 22
342367_MG,mgCST 20
342368_MG,mgCST 20
342377_MG,mgCST 20
342381_MG,mgCST 19
342385_MG,mgCST 22
342386_MG,mgCST 20
342387_MG,mgCST 19
342391_MG,mgCST 20
342395_MG,mgCST 22
342396_MG,mgCST 20
342404_MG,mgCST 20
342408_MG,mgCST 23
342414_MG,mgCST 14
342416_MG,mgCST 20
342419_MG,mgCST 20
342420_MG,mgCST 20
342424_MG,mgCST 20
342427_MG,mgCST 20
342429_MG,mgCST 22
342433_MG,mgCST 14
342434_MG,mgCST 20
342438_MG,mgCST 22
342449_MG,mgCST 19
342450_MG,mgCST 20
342461_MG,mgCST 20
342464_MG,mgCST 20
342466_MG,mgCST 20
342469_MG,mgCST 20
342470_MG,mgCST 22
342474_MG,mgCST 22
342476_MG,mgCST 20
342480_MG,mgCST 20
342482_MG,mgCST 20
342484_MG,mgCST 20
342487_MG,mgCST 20
342489_MG,mgCST 20
342491_MG,mgCST 22
342495_MG,mgCST 22
342496_MG,mgCST 20
342498_MG,mgCST 20
342501_MG,mgCST 20
342502_MG,mgCST 20
342504_MG,mgCST 20
342506_MG,mgCST 20
342509_MG,mgCST 22
342511_MG,mgCST 14
342514_MG,mgCST 19
342520_MG,mgCST 14
342521_MG,mgCST 20
342522_MG,mgCST 14
342526_MG,mgCST 20
342528_MG,mgCST 22
342533_MG,mgCST 20
342536_MG,mgCST 20
342538_MG,mgCST 22
342546_MG,mgCST 20
342548_MG,mgCST 22
342551_MG,mgCST 20
342552_MG,mgCST 21
342556_MG,mgCST 20
342560_MG,mgCST 20
342561_MG,mgCST 20
342564_MG,mgCST 20
342566_MG,mgCST 26
342567_MG,mgCST 20
342571_MG,mgCST 20
342574_MG,mgCST 20
342578_MG,mgCST 20
342587_MG,mgCST 22
342591_MG,mgCST 22
342592_MG,mgCST 22
342594_MG,mgCST 20
342600_MG,mgCST 20
342602_MG,mgCST 19
342606_MG,mgCST 19
342609_MG,mgCST 20
342610_MG,mgCST 20
342619_MG,mgCST 22
342621_MG,mgCST 20
342627_MG,mgCST 22
342630_MG,mgCST 20
342632_MG,mgCST 19
342636_MG,mgCST 20
342637_MG,mgCST 19
342639_MG,mgCST 22
342642_MG,mgCST 20
342646_MG,mgCST 20
342647_MG,mgCST 20
342649_MG,mgCST 22
342652_MG,mgCST 22
342655_MG,mgCST 26
342657_MG,mgCST 20
342660_MG,mgCST 20
342662_MG,mgCST 14
342663_MG,mgCST 24
342666_MG,mgCST 22
342668_MG,mgCST 20
342671_MG,mgCST 20
342674_MG,mgCST 20
342681_MG,mgCST 24
342682_MG,mgCST 14
342689_MG,mgCST 20
342693_MG,mgCST 20
342694_MG,mgCST 22
342697_MG,mgCST 20
342699_MG,mgCST 22
342703_MG,mgCST 24
342704_MG,mgCST 24
342707_MG,mgCST 23
342709_MG,mgCST 20
342711_MG,mgCST 20
342714_MG,mgCST 23
342717_MG,mgCST 22
342718_MG,mgCST 22
342722_MG,mgCST 20
342724_MG,mgCST 20
342727_MG,mgCST 20
342730_MG,mgCST 14
342737_MG,mgCST 22
342738_MG,mgCST 24
342742_MG,mgCST 20
342746_MG,mgCST 23
342747_MG,mgCST 22
342751_MG,mgCST 20
342752_MG,mgCST 20
342756_MG,mgCST 20
342757_MG,mgCST 20
342758_MG,mgCST 19
342762_MG,mgCST 20
342764_MG,mgCST 20
342767_MG,mgCST 20
342769_MG,mgCST 20
342772_MG,mgCST 22
342774_MG,mgCST 20
342777_MG,mgCST 22
342781_MG,mgCST 14
342784_MG,mgCST 14
342785_MG,mgCST 20
342789_MG,mgCST 20
342790_MG,mgCST 20
342794_MG,mgCST 20
342800_MG,mgCST 20
342802_MG,mgCST 20
342807_MG,mgCST 19
342810_MG,mgCST 20
342813_MG,mgCST 20
342815_MG,mgCST 20
342816_MG,mgCST 19
342820_MG,mgCST 20
342821_MG,mgCST 20
342825_MG,mgCST 22
342826_MG,mgCST 22
342830_MG,mgCST 22
342834_MG,mgCST 20
342835_MG,mgCST 20
342839_MG,mgCST 20
342840_MG,mgCST 20
342843_MG,mgCST 20
342844_MG,mgCST 22
342848_MG,mgCST 20
342850_MG,mgCST 14
342858_MG,mgCST 20
342860_MG,mgCST 20
342863_MG,mgCST 20
342864_MG,mgCST 20
342868_MG,mgCST 22
342872_MG,mgCST 26
342873_MG,mgCST 20
342875_MG,mgCST 20
342880_MG,mgCST 14
342881_MG,mgCST 22
342884_MG,mgCST 20
342886_MG,mgCST 20
342887_MG,mgCST 20
342891_MG,mgCST 20
342895_MG,mgCST 20
342896_MG,mgCST 20
342898_MG,mgCST 20
342901_MG,mgCST 20
342902_MG,mgCST 22
342906_MG,mgCST 20
342909_MG,mgCST 20
342911_MG,mgCST 20
342913_MG,mgCST 22
342916_MG,mgCST 20
342919_MG,mgCST 20
342920_MG,mgCST 26
342922_MG,mgCST 20
342925_MG,mgCST 20
342926_MG,mgCST 22
342930_MG,mgCST 20
342931_MG,mgCST 22
342933_MG,mgCST 20
342934_MG,mgCST 20
342938_MG,mgCST 20
342941_MG,mgCST 20
342942_MG,mgCST 20
342943_MG,mgCST 20
342947_MG,mgCST 20
342948_MG,mgCST 20
342955_MG,mgCST 20
342958_MG,mgCST 22
342960_MG,mgCST 22
342964_MG,mgCST 22
342969_MG,mgCST 20
342972_MG,mgCST 20
342978_MG,mgCST 22
342982_MG,mgCST 20
342986_MG,mgCST 20
342987_MG,mgCST 20
342991_MG,mgCST 24
342994_MG,mgCST 22
342997_MG,mgCST 20
343000_MG,mgCST 22
343002_MG,mgCST 20
343003_MG,mgCST 22
343007_MG,mgCST 20
343010_MG,mgCST 14
343018_MG,mgCST 20
343019_MG,mgCST 20
343021_MG,mgCST 22
343024_MG,mgCST 20
343028_MG,mgCST 20
343029_MG,mgCST 14
343031_MG,mgCST 19
343033_MG,mgCST 20
343034_MG,mgCST 20
343038_MG,mgCST 20
343042_MG,mgCST 20
343043_MG,mgCST 20
343046_MG,mgCST 20
343048_MG,mgCST 22
343049_MG,mgCST 20
343053_MG,mgCST 19
343057_MG,mgCST 22
343058_MG,mgCST 20
343060_MG,mgCST 22
343063_MG,mgCST 22
343067_MG,mgCST 20
343068_MG,mgCST 20
343071_MG,mgCST 20
343075_MG,mgCST 24
343076_MG,mgCST 20
343078_MG,mgCST 14
343081_MG,mgCST 20
343083_MG,mgCST 20
343086_MG,mgCST 20
343089_MG,mgCST 20
343094_MG,mgCST 20
343098_MG,mgCST 14
343099_MG,mgCST 24
343101_MG,mgCST 22
343104_MG,mgCST 20
343107_MG,mgCST 14
343109_MG,mgCST 20
343111_MG,mgCST 20
343114_MG,mgCST 20
343117_MG,mgCST 20
343119_MG,mgCST 21
343123_MG,mgCST 14
343124_MG,mgCST 20
343128_MG,mgCST 22
343129_MG,mgCST 20
343131_MG,mgCST 20
343134_MG,mgCST 20
343138_MG,mgCST 20
343139_MG,mgCST 22
343140_MG,mgCST 20
343145_MG,mgCST 20
343147_MG,mgCST 22
343150_MG,mgCST 20
343153_MG,mgCST 20
343155_MG,mgCST 14
343156_MG,mgCST 22
343160_MG,mgCST 22
343163_MG,mgCST 20
343165_MG,mgCST 20
343167_MG,mgCST 20
343173_MG,mgCST 22
343177_MG,mgCST 20
343178_MG,mgCST 19
343180_MG,mgCST 20
343183_MG,mgCST 20
343185_MG,mgCST 20
343188_MG,mgCST 26
343192_MG,mgCST 20
343193_MG,mgCST 20
343195_MG,mgCST 24
343198_MG,mgCST 20
343200_MG,mgCST 20
343203_MG,mgCST 14
343205_MG,mgCST 20
343208_MG,mgCST 19
343209_MG,mgCST 14
343213_MG,mgCST 20
343215_MG,mgCST 20
343218_MG,mgCST 20
343222_MG,mgCST 20
343223_MG,mgCST 20
343225_MG,mgCST 22
343233_MG,mgCST 14
343234_MG,mgCST 20
343238_MG,mgCST 20
343239_MG,mgCST 14
343243_MG,mgCST 22
343246_MG,mgCST 23
343255_MG,mgCST 20
343256_MG,mgCST 20
343258_MG,mgCST 21
343261_MG,mgCST 20
343264_MG,mgCST 23
343266_MG,mgCST 20
343269_MG,mgCST 20
343271_MG,mgCST 20
343275_MG,mgCST 20
343276_MG,mgCST 20
343278_MG,mgCST 14
343281_MG,mgCST 20
343283_MG,mgCST 20
343286_MG,mgCST 20
343287_MG,mgCST 20
343291_MG,mgCST 20
343292_MG,mgCST 20
343301_MG,mgCST 19
343302_MG,mgCST 20
343306_MG,mgCST 20
343309_MG,mgCST 20
343311_MG,mgCST 22
343314_MG,mgCST 20
343318_MG,mgCST 14
343319_MG,mgCST 20
343322_MG,mgCST 20
343324_MG,mgCST 20
343328_MG,mgCST 20
343332_MG,mgCST 23
343335_MG,mgCST 20
343337_MG,mgCST 20
343339_MG,mgCST 19
343342_MG,mgCST 20
343345_MG,mgCST 19
343347_MG,mgCST 20
343349_MG,mgCST 20
343352_MG,mgCST 14
343356_MG,mgCST 20
343357_MG,mgCST 19
343360_MG,mgCST 20
343363_MG,mgCST 19
343365_MG,mgCST 20
343368_MG,mgCST 22
343370_MG,mgCST 22
343373_MG,mgCST 24
343377_MG,mgCST 20
343378_MG,mgCST 20
343381_MG,mgCST 20
343388_MG,mgCST 14
343389_MG,mgCST 19
343393_MG,mgCST 20
343396_MG,mgCST 20
343398_MG,mgCST 14
343401_MG,mgCST 22
343402_MG,mgCST 20
343406_MG,mgCST 14
343409_MG,mgCST 22
343411_MG,mgCST 20
343415_MG,mgCST 20
343416_MG,mgCST 20
343418_MG,mgCST 20
343422_MG,mgCST 20
343424_MG,mgCST 20
343425_MG,mgCST 19
343432_MG,mgCST 19
343434_MG,mgCST 20
343435_MG,mgCST 20
343439_MG,mgCST 22
343442_MG,mgCST 22
343444_MG,mgCST 19
343446_MG,mgCST 20
343449_MG,mgCST 22
343452_MG,mgCST 23
343454_MG,mgCST 22
343457_MG,mgCST 20
343459_MG,mgCST 20
343463_MG,mgCST 19
343464_MG,mgCST 20
343466_MG,mgCST 24
343469_MG,mgCST 19
343471_MG,mgCST 20
343474_MG,mgCST 20
343477_MG,mgCST 20
343479_MG,mgCST 20
343483_MG,mgCST 22
343489_MG,mgCST 20
343493_MG,mgCST 19
343494_MG,mgCST 20
343498_MG,mgCST 20
343499_MG,mgCST 20
343500_MG,mgCST 20
343504_MG,mgCST 20
343506_MG,mgCST 20
343509_MG,mgCST 20
343511_MG,mgCST 23
343514_MG,mgCST 20
343517_MG,mgCST 20
343520_MG,mgCST 23
343522_MG,mgCST 20
343524_MG,mgCST 20
343532_MG,mgCST 20
343534_MG,mgCST 19
343540_MG,mgCST 22
343543_MG,mgCST 20
343545_MG,mgCST 24
343547_MG,mgCST 20
343550_MG,mgCST 22
343554_MG,mgCST 21
343555_MG,mgCST 14
343557_MG,mgCST 20
343560_MG,mgCST 22
343563_MG,mgCST 21
343570_MG,mgCST 20
343574_MG,mgCST 24
343576_MG,mgCST 20
343578_MG,mgCST 20
343581_MG,mgCST 14
343583_MG,mgCST 20
343586_MG,mgCST 20
343588_MG,mgCST 22
343592_MG,mgCST 14
343593_MG,mgCST 20
343594_MG,mgCST 14
343598_MG,mgCST 20
343599_MG,mgCST 20
343603_MG,mgCST 20
343606_MG,mgCST 14
343608_MG,mgCST 22
343612_MG,mgCST 20
343613_MG,mgCST 14
343616_MG,mgCST 20
343618_MG,mgCST 19
343619_MG,mgCST 20
343623_MG,mgCST 19
343625_MG,mgCST 19
343628_MG,mgCST 24
343629_MG,mgCST 20
343633_MG,mgCST 22
343636_MG,mgCST 22
343638_MG,mgCST 22
343640_MG,mgCST 26
343643_MG,mgCST 20
343647_MG,mgCST 20
343648_MG,mgCST 20
343651_MG,mgCST 19
343653_MG,mgCST 20
343654_MG,mgCST 13
343661_MG,mgCST 19
343664_MG,mgCST 20
343666_MG,mgCST 22
343669_MG,mgCST 24
343671_MG,mgCST 23
343672_MG,mgCST 19
343676_MG,mgCST 22
343677_MG,mgCST 20
343681_MG,mgCST 20
343683_MG,mgCST 14
343686_MG,mgCST 14
343688_MG,mgCST 20
343691_MG,mgCST 20
343694_MG,mgCST 20
343695_MG,mgCST 20
343699_MG,mgCST 20
343701_MG,mgCST 20
343704_MG,mgCST 20
343707_MG,mgCST 20
343709_MG,mgCST 23
343712_MG,mgCST 20
343714_MG,mgCST 14
343716_MG,mgCST 23
343719_MG,mgCST 20
343720_MG,mgCST 20
343724_MG,mgCST 20
343726_MG,mgCST 20
343729_MG,mgCST 22
343731_MG,mgCST 14
343734_MG,mgCST 20
343735_MG,mgCST 14
343744_MG,mgCST 19
343748_MG,mgCST 20
343749_MG,mgCST 20
343750_MG,mgCST 20
343754_MG,mgCST 20
343755_MG,mgCST 20
343759_MG,mgCST 20
343762_MG,mgCST 20
343764_MG,mgCST 20
343767_MG,mgCST 20
343768_MG,mgCST 20
343777_MG,mgCST 20
343780_MG,mgCST 22
343782_MG,mgCST 20
343783_MG,mgCST 14
343792_MG,mgCST 20
343795_MG,mgCST 19
343797_MG,mgCST 20
343801_MG,mgCST 24
343802_MG,mgCST 19
343806_MG,mgCST 20
343807_MG,mgCST 19
343808_MG,mgCST 19
343812_MG,mgCST 20
343815_MG,mgCST 23
343817_MG,mgCST 20
343820_MG,mgCST 22
343822_MG,mgCST 24
343826_MG,mgCST 20
343827_MG,mgCST 20
343830_MG,mgCST 23
343832_MG,mgCST 20
343838_MG,mgCST 20
343839_MG,mgCST 20
343845_MG,mgCST 22
343846_MG,mgCST 20
343850_MG,mgCST 20
343851_MG,mgCST 20
343853_MG,mgCST 23
343856_MG,mgCST 19
343859_MG,mgCST 20
343861_MG,mgCST 19
343862_MG,mgCST 22
343866_MG,mgCST 20
343869_MG,mgCST 22
343871_MG,mgCST 20
343875_MG,mgCST 14
343876_MG,mgCST 20
343879_MG,mgCST 22
343882_MG,mgCST 20
343884_MG,mgCST 20
343887_MG,mgCST 14
343889_MG,mgCST 20
343890_MG,mgCST 20
343895_MG,mgCST 19
343897_MG,mgCST 20
343900_MG,mgCST 19
343902_MG,mgCST 22
343904_MG,mgCST 20
343907_MG,mgCST 22
343910_MG,mgCST 20
343912_MG,mgCST 20
343914_MG,mgCST 20
343917_MG,mgCST 20
343920_MG,mgCST 14
343940_MG,mgCST 20
343944_MG,mgCST 22
343960_MG,mgCST 22
343963_MG,mgCST 14
343980_MG,mgCST 22
343982_MG,mgCST 22
343990_MG,mgCST 20
343991_MG,mgCST 14
343995_MG,mgCST 20
343999_MG,mgCST 23
344000_MG,mgCST 22
344001_MG,mgCST 19
344005_MG,mgCST 23
344009_MG,mgCST 20
344010_MG,mgCST 24
344013_MG,mgCST 20
344015_MG,mgCST 22
344019_MG,mgCST 20
344020_MG,mgCST 20
344021_MG,mgCST 22
344025_MG,mgCST 22
344027_MG,mgCST 20
344030_MG,mgCST 20
344032_MG,mgCST 14
344035_MG,mgCST 20
344038_MG,mgCST 20
344041_MG,mgCST 20
344043_MG,mgCST 20
344046_MG,mgCST 24
344048_MG,mgCST 22
344049_MG,mgCST 20
344054_MG,mgCST 20
344056_MG,mgCST 14
344059_MG,mgCST 20
344061_MG,mgCST 20
344062_MG,mgCST 20
344066_MG,mgCST 19
344070_MG,mgCST 14
344071_MG,mgCST 22
344076_MG,mgCST 19
344078_MG,mgCST 24
344081_MG,mgCST 22
344082_MG,mgCST 20
344086_MG,mgCST 19
344088_MG,mgCST 20
344091_MG,mgCST 20
344095_MG,mgCST 20
344098_MG,mgCST 22
344102_MG,mgCST 19
344105_MG,mgCST 20
344109_MG,mgCST 20
344114_MG,mgCST 20
344118_MG,mgCST 22
344119_MG,mgCST 22
344121_MG,mgCST 20
344124_MG,mgCST 20
344125_MG,mgCST 22
344129_MG,mgCST 20
344130_MG,mgCST 20
344134_MG,mgCST 20
344135_MG,mgCST 20
344139_MG,mgCST 19
344140_MG,mgCST 20
344144_MG,mgCST 22
344145_MG,mgCST 22
348298_MG,mgCST 20
MG_0052RFLQV1,mgCST 5
MG_0139RFLQV1,mgCST 9
MG_0183RFLQV1,mgCST 11
MG_0226RFLQV1,mgCST 10
MG_0254RFLQV1,mgCST 9
MG_0262RFLQV1,mgCST 11
MG_0269RFLQV1,mgCST 13
MG_0273RFLQV1,mgCST 18
MG_0277RFLQV1,mgCST 18
MG_0279RFLQV1,mgCST 9
MG_0283AFLQV1,mgCST 3
MG_0285RFLQV1,mgCST 14
MG_0295RFLQV1,mgCST 16
MG_0321RFLQV1,mgCST 1
MG_0325RFLQV1,mgCST 1
MG_0330RFLQV1,mgCST 5
MG_0338RFLQV1,mgCST 20
MG_0342RFLQV1,mgCST 1
MG_0345RFLQV1,mgCST 9
MG_0350RFLQV1,mgCST 20
MG_0365RFLQV1,mgCST 1
MG_0371RFLQV1,mgCST 20
MG_0383RFLQV1,mgCST 17
MG_0384RFLQV1,mgCST 9
MG_0387RFLQV1,mgCST 11
MG_0388RFLQV1,mgCST 19
MG_0400RFLQV1,mgCST 3
MG_0403RFLQV1,mgCST 26
MG_0406RFLQV1,mgCST 19
MG_0407RFLQV1,mgCST 10
MG_0411RFLQV1,mgCST 26
MG_0412RFLQV1,mgCST 1
MG_0419RFLQV1,mgCST 20
MG_0422RFLQV1,mgCST 9
MG_0426RFLQV1,mgCST 13
MG_0431RFLQV1,mgCST 9
MG_0440RFLQV1,mgCST 11
MG_0449RFLQV1,mgCST 11
MG_0450RFLQV1,mgCST 9
MG_0451RFLQV1,mgCST 9
MG_0455RFLQV1,mgCST 11
MG_0457RFLQV1,mgCST 15
MG_0462RFLQV1,mgCST 18
MG_0466RFLQV1,mgCST 5
MG_0470RFLQV1,mgCST 11
MG_0471RFLQV1,mgCST 17
MG_0481RFLQV1,mgCST 3
MG_0482RFLQV1,mgCST 5
MG_0484RFLQV1,mgCST 11
MG_0490RFLQV1,mgCST 19
MG_0491RFLQV1,mgCST 18
MG_0494RFLQV1,mgCST 1
MG_0497RFLQV1,mgCST 20
MG_0503RFLQV1,mgCST 1
MG_0505RFLQV1,mgCST 20
MG_0509RFLQV1,mgCST 1
MG_0521RFLQV1,mgCST 18
MG_0526RFLQV1,mgCST 1
MG_0532RFLQV1,mgCST 1
MG_0533RFLQV1,mgCST 11
MG_0537RFLQV1,mgCST 12
MG_0542RFLQV1,mgCST 9
MG_0545RFLQV1,mgCST 18
MG_0555RFLQV1,mgCST 5
MG_0557RFLQV1,mgCST 11
MG_0563RFLQV1,mgCST 11
MG_0573RFLQV1,mgCST 11
MG_0574RFLQV1,mgCST 9
MG_0577RFLQV1,mgCST 10
MG_0580RFLQV1,mgCST 10
MG_0600RFLQV1,mgCST 9
MG_0602RFLQV1,mgCST 9
MG_0616RFLQV1,mgCST 20
MG_0620RFLQV1,mgCST 1
MG_0624RFLQV1,mgCST 20
MG_0626RFLQV1,mgCST 11
MG_0631RFLQV1,mgCST 15
MG_0632RFLQV1,mgCST 12
MG_0633RFLQV1,mgCST 14
MG_0634RFLQV1,mgCST 5
MG_0635RFLQV1,mgCST 18
MG_0639RFLQV1,mgCST 3
MG_0642RFLQV1,mgCST 11
MG_0644RFLQV1,mgCST 10
MG_0645RFLQV1,mgCST 1
MG_0648RFLQV1,mgCST 10
MG_0650RFLQV1,mgCST 15
MG_0653RFLQV1,mgCST 18
MG_0663RFLQV1,mgCST 20
MG_0665RFLQV1,mgCST 19
MG_0671RFLQV1,mgCST 15
MG_0674RFLQV1,mgCST 10
MG_0687RFLQV1,mgCST 7
MG_0698RFLQV1,mgCST 1
MG_0699RFLQV1,mgCST 18
MG_0718RFLQV1,mgCST 22
MG_0733RFLQV1,mgCST 18
MG_0779RFLQV1,mgCST 26
MG_0787RFLQV1,mgCST 19
MG_0801RFLQV1,mgCST 10
MG_0806RFLQV1,mgCST 18
MG_0808RFLQV1,mgCST 18
MG_0818RFLQV1,mgCST 18
MG_0835RFLQV1,mgCST 11
MG_0841RFLQV1,mgCST 20
MG_0845RFLQV1,mgCST 11
MG_0846RFLQV1,mgCST 11
MG_0857RFLQV1,mgCST 13
MG_0867RFLQV1,mgCST 19
MG_0869RFLQV1,mgCST 15
MG_0879RFLQV1,mgCST 20
MG_0930RFLQV1,mgCST 3
MG_0942RFLQV1,mgCST 19
MG_0960RFLQV1,mgCST 17
MG_0962RFLQV1,mgCST 20
MG_0963RFLQV1,mgCST 11
MG_0969RFLQV1,mgCST 21
MG_0996RFLQV1,mgCST 20
MG_1005RFLQV1,mgCST 20
MG_1009RFLQV1,mgCST 5
MG_1020RFLQV1,mgCST 9
MG_1023RFLQV1,mgCST 7
MG_1024RFLQV1,mgCST 17
MG_1050901179,mgCST 21
MG_1050901209,mgCST 21
MG_1050901239,mgCST 21
MG_1050901289,mgCST 21
MG_1050901329,mgCST 21
MG_1052RFLQV1,mgCST 11
MG_1058RFLQV1,mgCST 20
MG_1060901199,mgCST 13
MG_1060901239,mgCST 3
MG_1060901269,mgCST 3
MG_1060901339,mgCST 3
MG_1061301149,mgCST 3
MG_1061301189,mgCST 3
MG_1061301229,mgCST 3
MG_1061301269,mgCST 3
MG_1061301329,mgCST 3
MG_1062101149,mgCST 17
MG_1062101189,mgCST 17
MG_1062101239,mgCST 17
MG_1062101299,mgCST 17
MG_1062101359,mgCST 17
MG_1062201159,mgCST 9
MG_1062201199,mgCST 9
MG_1062201239,mgCST 9
MG_1062201329,mgCST 9
MG_1062201379,mgCST 9
MG_1062501159,mgCST 9
MG_1062501199,mgCST 9
MG_1062501239,mgCST 9
MG_1062501279,mgCST 9
MG_1062501369,mgCST 1
MG_1063001159,mgCST 9
MG_1063001239,mgCST 10
MG_1063001279,mgCST 10
MG_1063001329,mgCST 10
MG_1063001369,mgCST 10
MG_1063101119,mgCST 12
MG_1063101199,mgCST 12
MG_1063101279,mgCST 12
MG_1063101369,mgCST 12
MG_1063201159,mgCST 3
MG_1063201209,mgCST 3
MG_1063201249,mgCST 3
MG_1063201329,mgCST 3
MG_1063201369,mgCST 3
MG_1063601119,mgCST 10
MG_1063601179,mgCST 10
MG_1063601319,mgCST 10
MG_1063601359,mgCST 10
MG_1085RFLQV1,mgCST 11
MG_1086RFLQV1,mgCST 10
MG_1116RFLQV1,mgCST 10
MG_112477,mgCST 24
MG_112541,mgCST 24
MG_112597,mgCST 22
MG_112797,mgCST 23
MG_112861,mgCST 23
MG_112917,mgCST 23
MG_113289,mgCST 5
MG_113357,mgCST 5
MG_113597,mgCST 24
MG_113633,mgCST 10
MG_113717,mgCST 3
MG_113757,mgCST 18
MG_113853,mgCST 3
MG_114069,mgCST 22
MG_114141,mgCST 10
MG_114193,mgCST 22
MG_114717,mgCST 3
MG_114765,mgCST 3
MG_114845,mgCST 22
MG_1167RFLQV1,mgCST 8
MG_1213RFLQV1,mgCST 11
MG_1215RFLQV1,mgCST 15
MG_1238RPAPV1A1,mgCST 16
MG_1269RFLQV1,mgCST 9
MG_1286RFLQV1,mgCST 10
MG_1319RFLQV1,mgCST 16
MG_1327RFLQV1,mgCST 17
MG_1333RFLQV1,mgCST 19
MG_1368RFLQV1,mgCST 26
MG_1386RFLQV1,mgCST 19
MG_1392RFLQV1,mgCST 11
MG_1416RFLQV1,mgCST 20
MG_1425RFLQV1,mgCST 20
MG_1429RFLQV1,mgCST 14
MG_1430RFLQV1,mgCST 18
MG_1431RFLQV1,mgCST 9
MG_1469RFLQV1,mgCST 16
MG_1494RFLQV1,mgCST 19
MG_1540RFLQV1,mgCST 9
MG_1546RFLQV1,mgCST 11
MG_1567RFLQV1,mgCST 18
MG_1578RFLQV1,mgCST 11
MG_1588RFLQV1,mgCST 10
MG_1601RFLQV1,mgCST 20
MG_1618RFLQV1,mgCST 20
MG_1665RFLQV1,mgCST 7
MG_1696RFLQV1,mgCST 1
MG_1713RFLQV1,mgCST 11
MG_1721RFLQV1,mgCST 14
MG_1727RFLQV1,mgCST 19
MG_174564,mgCST 4
MG_174566,mgCST 4
MG_174616,mgCST 4
MG_174631b,mgCST 4
MG_174708,mgCST 4
MG_174722,mgCST 22
MG_174738,mgCST 20
MG_174758,mgCST 10
MG_174947,mgCST 1
MG_174962,mgCST 11
MG_174970,mgCST 9
MG_174982,mgCST 1
MG_175034,mgCST 11
MG_175058,mgCST 18
MG_175074,mgCST 11
MG_175228,mgCST 9
MG_175260,mgCST 9
MG_175318,mgCST 18
MG_175332,mgCST 18
MG_175334b,mgCST 18
MG_175380,mgCST 10
MG_175390,mgCST 10
MG_175414,mgCST 11
MG_175443,mgCST 10
MG_175476,mgCST 10
MG_175831b,mgCST 20
MG_175836,mgCST 20
MG_175878,mgCST 1
MG_175896,mgCST 1
MG_175980,mgCST 1
MG_176020,mgCST 8
MG_176076,mgCST 8
MG_176094,mgCST 8
MG_176118,mgCST 8
MG_176138,mgCST 8
MG_176541,mgCST 20
MG_176565,mgCST 26
MG_176573,mgCST 1
MG_176621,mgCST 1
MG_176621_b,mgCST 1
MG_176747,mgCST 20
MG_176795,mgCST 20
MG_176862,mgCST 11
MG_176873,mgCST 11
MG_176887,mgCST 11
MG_177065,mgCST 20
MG_177093,mgCST 20
MG_177129,mgCST 20
MG_177177,mgCST 20
MG_177694,mgCST 16
MG_177707,mgCST 16
MG_177750,mgCST 16
MG_177783,mgCST 16
MG_177847,mgCST 16
MG_177853,mgCST 18
MG_177877,mgCST 18
MG_177883,mgCST 18
MG_177897,mgCST 20
MG_177947,mgCST 18
MG_178085,mgCST 20
MG_178113_b,mgCST 16
MG_178137_b,mgCST 26
MG_178333,mgCST 21
MG_178381,mgCST 22
MG_178553,mgCST 11
MG_178585,mgCST 20
MG_178625,mgCST 20
MG_178839,mgCST 3
MG_178903,mgCST 20
MG_178955,mgCST 13
MG_179165,mgCST 23
MG_179189,mgCST 22
MG_179205,mgCST 23
MG_179229,mgCST 23
MG_181071,mgCST 4
MG_181081,mgCST 4
MG_181105,mgCST 4
MG_181135,mgCST 4
MG_181145,mgCST 4
MG_181153,mgCST 20
MG_181177,mgCST 3
MG_181185,mgCST 11
MG_181198,mgCST 3
MG_1811RFLQV1,mgCST 22
MG_181230,mgCST 20
MG_181238,mgCST 20
MG_181246,mgCST 20
MG_181261,mgCST 20
MG_1814RFLQV1,mgCST 10
MG_181597,mgCST 11
MG_181629,mgCST 19
MG_181657,mgCST 18
MG_181711,mgCST 18
MG_181775,mgCST 18
MG_181819,mgCST 10
MG_181871,mgCST 10
MG_181935,mgCST 10
MG_182339,mgCST 9
MG_182427,mgCST 1
MG_182447,mgCST 1
MG_1831RFLQV1,mgCST 1
MG_183668,mgCST 1
MG_183700,mgCST 3
MG_183757,mgCST 4
MG_183805,mgCST 4
MG_1850RFLQV1,mgCST 22
MG_185190,mgCST 16
MG_185218,mgCST 16
MG_185238,mgCST 16
MG_185251,mgCST 16
MG_185275,mgCST 26
MG_185347,mgCST 18
MG_185395,mgCST 21
MG_185475,mgCST 18
MG_186304,mgCST 3
MG_186360,mgCST 20
MG_186424,mgCST 8
MG_186472,mgCST 22
MG_186552,mgCST 22
MG_186655,mgCST 17
MG_186711,mgCST 17
MG_186783,mgCST 17
MG_186830b,mgCST 17
MG_186847,mgCST 17
MG_186854,mgCST 17
MG_186885,mgCST 17
MG_186911,mgCST 17
MG_187184,mgCST 26
MG_187220,mgCST 26
MG_187252,mgCST 11
MG_187377,mgCST 8
MG_187405,mgCST 8
MG_187469,mgCST 20
MG_187757,mgCST 16
MG_188156,mgCST 11
MG_188249,mgCST 26
MG_188297,mgCST 26
MG_188537,mgCST 20
MG_188613,mgCST 20
MG_1890RFLQV1,mgCST 18
MG_189407,mgCST 16
MG_189534,mgCST 26
MG_189598,mgCST 15
MG_189662,mgCST 15
MG_189739,mgCST 20
MG_189760,mgCST 26
MG_189771,mgCST 26
MG_190344,mgCST 3
MG_190788,mgCST 3
MG_190852,mgCST 3
MG_191387,mgCST 11
MG_191407,mgCST 20
MG_191495,mgCST 9
MG_191686,mgCST 18
MG_191690,mgCST 18
MG_191734,mgCST 10
MG_1921RFLQV1,mgCST 15
MG_192430,mgCST 23
MG_192484,mgCST 23
MG_192494,mgCST 23
MG_192512,mgCST 26
MG_192540,mgCST 23
MG_192558,mgCST 23
MG_192622,mgCST 23
MG_192686,mgCST 23
MG_193122b,mgCST 3
MG_193170,mgCST 3
MG_193494,mgCST 22
MG_193518,mgCST 22
MG_193537,mgCST 22
MG_193549,mgCST 22
MG_193573_b,mgCST 22
MG_193837b,mgCST 17
MG_193866,mgCST 17
MG_193884,mgCST 17
MG_193930,mgCST 17
MG_193970,mgCST 1
MG_194058,mgCST 22
MG_194122,mgCST 17
MG_194227,mgCST 1
MG_194255,mgCST 1
MG_194275,mgCST 1
MG_194714,mgCST 15
MG_194735b,mgCST 15
MG_194758,mgCST 15
MG_194945,mgCST 24
MG_194993,mgCST 20
MG_195290,mgCST 24
MG_195374,mgCST 20
MG_195430,mgCST 8
MG_195506,mgCST 24
MG_195566,mgCST 24
MG_195672,mgCST 18
MG_195711,mgCST 18
MG_195739,mgCST 18
MG_195767,mgCST 10
MG_195843,mgCST 10
MG_195891,mgCST 10
MG_195939,mgCST 18
MG_196356,mgCST 15
MG_196401,mgCST 18
MG_197067,mgCST 10
MG_197078,mgCST 10
MG_197099,mgCST 15
MG_198165,mgCST 20
MG_198203,mgCST 18
MG_198223,mgCST 18
MG_198237,mgCST 18
MG_198279,mgCST 18
MG_198301,mgCST 18
MG_198365,mgCST 18
MG_198437,mgCST 20
MG_199095,mgCST 3
MG_199147,mgCST 25
MG_199199,mgCST 26
MG_1992RFLQV1,mgCST 20
MG_199350,mgCST 18
MG_199358,mgCST 18
MG_1993RFLQV1,mgCST 15
MG_199414,mgCST 18
MG_199723,mgCST 10
MG_199743,mgCST 18
MG_199767b,mgCST 10
MG_200714,mgCST 9
MG_200766,mgCST 10
MG_200771,mgCST 10
MG_2009001159,mgCST 8
MG_2009001209,mgCST 8
MG_2009001269,mgCST 8
MG_2009001309,mgCST 8
MG_2009001379,mgCST 8
MG_200930,mgCST 21
MG_200942,mgCST 20
MG_200966,mgCST 21
MG_202050,mgCST 17
MG_202098,mgCST 18
MG_202828,mgCST 11
MG_202852,mgCST 11
MG_202872,mgCST 11
MG_203059,mgCST 20
MG_203077,mgCST 16
MG_203101,mgCST 20
MG_203123,mgCST 20
MG_203125,mgCST 20
MG_203187,mgCST 20
MG_203251,mgCST 20
MG_203323,mgCST 20
MG_203703,mgCST 3
MG_203751,mgCST 26
MG_205081,mgCST 20
MG_205117,mgCST 20
MG_205183,mgCST 20
MG_205209,mgCST 20
MG_205223,mgCST 20
MG_205243,mgCST 20
MG_205281,mgCST 20
MG_205311,mgCST 20
MG_205335,mgCST 20
MG_205337,mgCST 20
MG_205367,mgCST 20
MG_205763,mgCST 19
MG_205819,mgCST 16
MG_205915,mgCST 19
MG_205939,mgCST 19
MG_206015,mgCST 26
MG_206737,mgCST 19
MG_206752,mgCST 19
MG_206776,mgCST 19
MG_206786,mgCST 19
MG_206830,mgCST 19
MG_206894,mgCST 19
MG_206958,mgCST 11
MG_207030,mgCST 18
MG_208096,mgCST 9
MG_208120,mgCST 9
MG_208144,mgCST 26
MG_208168,mgCST 9
MG_208192,mgCST 9
MG_208442,mgCST 9
MG_208465,mgCST 9
MG_208485,mgCST 9
MG_208759,mgCST 10
MG_208792,mgCST 26
MG_208806,mgCST 21
MG_208856,mgCST 11
MG_208920,mgCST 11
MG_208972,mgCST 11
MG_209048,mgCST 11
MG_209436,mgCST 5
MG_209480,mgCST 5
MG_209873,mgCST 18
MG_209897,mgCST 15
MG_209933,mgCST 15
MG_20_00135_05,mgCST 9
MG_20_00144_05,mgCST 1
MG_20_00145_05,mgCST 6
MG_20_00182_05B,mgCST 1
MG_20_00218_05,mgCST 1
MG_20_00835_05,mgCST 6
MG_20_00850_05,mgCST 10
MG_20_00857_05,mgCST 1
MG_20_00860_05,mgCST 4
MG_20_00880_05,mgCST 1
MG_20_00889_05,mgCST 11
MG_20_00891_05,mgCST 9
MG_20_00897_05,mgCST 6
MG_20_00905_05,mgCST 1
MG_20_00908_05,mgCST 6
MG_20_00911_05,mgCST 6
MG_20_00918_05,mgCST 1
MG_20_01129_05,mgCST 10
MG_20_01134_05,mgCST 21
MG_20_01147_05,mgCST 3
MG_20_01149_05,mgCST 9
MG_20_01151_05,mgCST 1
MG_20_01167_05,mgCST 6
MG_20_01168_05,mgCST 19
MG_20_01175_05,mgCST 4
MG_20_01181_05,mgCST 12
MG_20_01962_05,mgCST 1
MG_20_02009_05,mgCST 1
MG_20_02044_05,mgCST 6
MG_20_02090_05,mgCST 10
MG_20_02097_05,mgCST 18
MG_20_02213_05,mgCST 10
MG_20_02219_05,mgCST 1
MG_20_02225_05,mgCST 6
MG_20_02249_05,mgCST 26
MG_20_02251_05,mgCST 1
MG_20_02283_05,mgCST 9
MG_20_02288_05,mgCST 9
MG_20_02836_05,mgCST 15
MG_20_02843_05,mgCST 11
MG_20_02860_05,mgCST 6
MG_20_02863_05,mgCST 1
MG_20_02882_05,mgCST 11
MG_20_02886_05,mgCST 10
MG_20_02909_05,mgCST 9
MG_20_02916_05,mgCST 1
MG_20_02922_05,mgCST 1
MG_20_02944_05,mgCST 1
MG_20_02947_05,mgCST 11
MG_20_02950_05,mgCST 9
MG_20_02981_05,mgCST 19
MG_20_02985_05,mgCST 1
MG_20_02992_05,mgCST 9
MG_20_03024_05,mgCST 4
MG_20_03216_05,mgCST 9
MG_20_03231_05,mgCST 11
MG_20_03235_05,mgCST 11
MG_20_03299_05,mgCST 6
MG_20_03315_05,mgCST 11
MG_20_03329_05,mgCST 9
MG_20_03344_05,mgCST 11
MG_20_03360_05,mgCST 9
MG_20_03395_05,mgCST 9
MG_20_20057_05B,mgCST 10
MG_20_20061_05,mgCST 18
MG_20_20097_05,mgCST 26
MG_20_20114_05,mgCST 9
MG_20_20133_05,mgCST 6
MG_20_20554_05,mgCST 11
MG_20_20583_05,mgCST 9
MG_20_20626_05,mgCST 5
MG_20_20651_05,mgCST 4
MG_20_20668_05,mgCST 2
MG_20_20670_05,mgCST 6
MG_20_20671_05,mgCST 1
MG_20_20681_05,mgCST 9
MG_20_21179_05,mgCST 1
MG_20_21193_05,mgCST 11
MG_20_21221_05,mgCST 6
MG_20_21249_05,mgCST 9
MG_20_21250_05,mgCST 9
MG_20_21458_05,mgCST 10
MG_20_21469_05,mgCST 6
MG_20_21496_05,mgCST 26
MG_20_21528_05,mgCST 1
MG_20_21536_05,mgCST 6
MG_20_21552_05,mgCST 10
MG_20_21568_05,mgCST 1
MG_20_21569_05,mgCST 9
MG_20_21652_05,mgCST 10
MG_20_21704_05,mgCST 15
MG_20_22432_05,mgCST 26
MG_20_22461_05,mgCST 10
MG_20_22498_05,mgCST 9
MG_20_22636_05,mgCST 20
MG_20_22645_05,mgCST 6
MG_20_22647_05,mgCST 6
MG_20_22693_05,mgCST 26
MG_20_22726_05,mgCST 9
MG_20_22745_05,mgCST 17
MG_20_22752_05,mgCST 10
MG_20_22792_05,mgCST 6
MG_20_22795_05,mgCST 5
MG_20_22796_05,mgCST 11
MG_20_23527_05,mgCST 11
MG_20_24069_05,mgCST 1
MG_20_24077_05,mgCST 1
MG_20_24098_05,mgCST 20
MG_20_24174_05,mgCST 10
MG_20_24187_05,mgCST 1
MG_20_24190_05,mgCST 20
MG_20_24195_05,mgCST 11
MG_20_24196_05,mgCST 20
MG_20_24213_05,mgCST 6
MG_20_24937_05,mgCST 1
MG_20_24945_05,mgCST 1
MG_20_25060_05,mgCST 2
MG_20_25067_05,mgCST 9
MG_20_25076_05,mgCST 21
MG_20_25123_05,mgCST 9
MG_20_25344_05,mgCST 20
MG_20_25347_05,mgCST 11
MG_20_25715_05,mgCST 1
MG_20_26056_05,mgCST 17
MG_20_26067_05,mgCST 1
MG_20_26117_05,mgCST 4
MG_20_26241_05,mgCST 10
MG_20_26264_05,mgCST 17
MG_20_26296_05,mgCST 4
MG_20_26661_05,mgCST 3
MG_20_26662_05,mgCST 11
MG_20_26674_05,mgCST 6
MG_20_26723_05,mgCST 9
MG_20_26747_05,mgCST 4
MG_20_26801_05,mgCST 11
MG_20_26808_05,mgCST 11
MG_20_27473_05,mgCST 10
MG_20_27508_05,mgCST 9
MG_20_27513_05,mgCST 18
MG_20_27526_05,mgCST 1
MG_20_27535_05,mgCST 9
MG_20_27789_05,mgCST 12
MG_20_27798_05,mgCST 1
MG_20_27827_05,mgCST 9
MG_20_28082_05,mgCST 9
MG_20_28103_05,mgCST 1
MG_20_28256_05,mgCST 1
MG_20_28272_05,mgCST 1
MG_20_28273_05,mgCST 4
MG_20_28289_05,mgCST 26
MG_20_28306_05,mgCST 11
MG_20_28332_05,mgCST 11
MG_20_28568_05,mgCST 11
MG_20_28585_05,mgCST 20
MG_20_28603_05,mgCST 6
MG_20_28604_05,mgCST 11
MG_20_28642_05,mgCST 1
MG_20_28852_05,mgCST 12
MG_20_28859_05,mgCST 3
MG_20_28861_05,mgCST 10
MG_20_28919_05,mgCST 19
MG_20_28938_05,mgCST 1
MG_20_28941_05,mgCST 26
MG_20_29154_05,mgCST 20
MG_20_29187_05,mgCST 11
MG_20_29208_05,mgCST 4
MG_20_29237_05,mgCST 15
MG_20_29671_05,mgCST 1
MG_20_29680_05,mgCST 9
MG_20_29702_05,mgCST 2
MG_20_29706_05,mgCST 6
MG_20_29729_05,mgCST 11
MG_20_29775_05,mgCST 6
MG_20_29819_05,mgCST 6
MG_20_29847_05,mgCST 9
MG_20_30157_05,mgCST 11
MG_20_30191_05,mgCST 1
MG_20_30205_05,mgCST 9
MG_20_30211_05,mgCST 11
MG_20_30219_05,mgCST 10
MG_20_30230_05,mgCST 4
MG_20_30293_05,mgCST 20
MG_20_30326_05,mgCST 9
MG_20_30332_05,mgCST 1
MG_20_30761_05,mgCST 26
MG_20_30764_05,mgCST 6
MG_20_30765_05,mgCST 1
MG_20_30766_05,mgCST 6
MG_20_30768_05,mgCST 2
MG_20_30777_05,mgCST 9
MG_20_30794_05,mgCST 2
MG_20_30812_05,mgCST 9
MG_20_31340_05,mgCST 1
MG_20_31354_05,mgCST 9
MG_20_31359_05,mgCST 6
MG_20_31372_05,mgCST 2
MG_20_31380_05,mgCST 11
MG_20_31402_05B,mgCST 9
MG_20_31418_05,mgCST 21
MG_20_31427_05,mgCST 1
MG_20_31449_05,mgCST 12
MG_20_31823_05,mgCST 6
MG_20_31843_05,mgCST 2
MG_20_31867_05,mgCST 9
MG_20_31874_05,mgCST 9
MG_20_31894_05,mgCST 26
MG_20_32224_05,mgCST 1
MG_20_32246_05,mgCST 19
MG_20_32284_05,mgCST 9
MG_20_32308_05,mgCST 26
MG_20_32380_05,mgCST 6
MG_20_32703_05,mgCST 3
MG_20_32729_05,mgCST 10
MG_20_32780_05,mgCST 26
MG_20_32784_05,mgCST 6
MG_20_32789_05,mgCST 11
MG_20_33063_05,mgCST 1
MG_20_33136_05,mgCST 6
MG_20_33278_05,mgCST 11
MG_20_33286_05,mgCST 9
MG_20_33341_05,mgCST 17
MG_20_33954_05,mgCST 12
MG_20_33961_05,mgCST 11
MG_20_34036_05,mgCST 2
MG_20_34061_05,mgCST 1
MG_20_34129_05,mgCST 9
MG_20_34639_05,mgCST 9
MG_20_34686_05,mgCST 1
MG_20_34693_05,mgCST 1
MG_20_35051_05B,mgCST 1
MG_20_35092_05,mgCST 6
MG_20_35147_05,mgCST 1
MG_20_35226_05,mgCST 17
MG_20_35305_05,mgCST 1
MG_20_35309_05,mgCST 1
MG_20_35319_05,mgCST 11
MG_20_35324_05,mgCST 10
MG_20_35346_05,mgCST 6
MG_20_35903_05,mgCST 10
MG_20_35904_05,mgCST 6
MG_20_35927_05,mgCST 10
MG_20_35948_05,mgCST 1
MG_20_36002_05,mgCST 15
MG_20_36046_05,mgCST 9
MG_20_36068_05,mgCST 2
MG_20_36081_05,mgCST 9
MG_20_36085_05,mgCST 19
MG_20_36087_05,mgCST 1
MG_20_36096_05,mgCST 9
MG_20_36105_05,mgCST 20
MG_20_36233_05,mgCST 5
MG_20_36901_05,mgCST 2
MG_20_36933_05,mgCST 11
MG_20_37690_05,mgCST 19
MG_20_37725_05,mgCST 17
MG_20_37735_05,mgCST 11
MG_20_37775_05,mgCST 1
MG_20_37803_05,mgCST 15
MG_20_37806_05,mgCST 9
MG_20_37807_05,mgCST 6
MG_20_38469_05,mgCST 20
MG_20_38531_05,mgCST 5
MG_20_38613_05,mgCST 9
MG_20_38654_05,mgCST 21
MG_20_38705_05,mgCST 6
MG_20_38712_05,mgCST 11
MG_20_38716_05,mgCST 6
MG_20_38719_05,mgCST 4
MG_20_38749_05,mgCST 20
MG_20_39707_05,mgCST 1
MG_20_39711_05,mgCST 5
MG_20_39722_05,mgCST 9
MG_20_39743_05,mgCST 6
MG_20_39772_05,mgCST 2
MG_20_39787_05,mgCST 1
MG_20_39868_05,mgCST 1
MG_20_39899_05,mgCST 9
MG_20_39900_05,mgCST 9
MG_20_39913_05,mgCST 26
MG_20_40708_05,mgCST 5
MG_20_40725_05,mgCST 4
MG_20_40741_05,mgCST 9
MG_20_40757_05,mgCST 10
MG_20_40767_05,mgCST 9
MG_20_40768_05,mgCST 9
MG_20_40772_05,mgCST 1
MG_20_40779_05,mgCST 10
MG_20_40786_05,mgCST 1
MG_20_40789_05,mgCST 2
MG_20_40797_05,mgCST 6
MG_20_40798_05,mgCST 9
MG_20_40800_05,mgCST 9
MG_20_40905_05,mgCST 2
MG_20_40913_05,mgCST 9
MG_20_40916_05,mgCST 10
MG_20_40927_05,mgCST 6
MG_20_40942_05,mgCST 1
MG_20_40943_05,mgCST 9
MG_20_40945_05,mgCST 1
MG_20_40946_05,mgCST 5
MG_20_40947_05,mgCST 1
MG_20_40948_05,mgCST 10
MG_20_40954_05,mgCST 6
MG_20_40956_05,mgCST 10
MG_20_40959_05,mgCST 6
MG_20_40960_05,mgCST 6
MG_20_40967_05,mgCST 9
MG_20_40971_05,mgCST 10
MG_20_40972_05,mgCST 6
MG_20_40973_05,mgCST 4
MG_20_40978_05,mgCST 1
MG_20_40980_05,mgCST 9
MG_20_40982_05,mgCST 19
MG_20_40983_05,mgCST 9
MG_20_40984_05,mgCST 5
MG_20_40985_05,mgCST 5
MG_20_40986_05,mgCST 15
MG_20_40991_05,mgCST 6
MG_20_40993_05,mgCST 1
MG_20_41201_05,mgCST 1
MG_20_41204_05,mgCST 1
MG_20_41213_05,mgCST 1
MG_20_41220_05,mgCST 1
MG_20_41234_05,mgCST 9
MG_20_41236_05,mgCST 1
MG_20_41239_05,mgCST 9
MG_20_41262_05,mgCST 20
MG_20_41267_05,mgCST 9
MG_20_41284_05,mgCST 9
MG_20_41294_05,mgCST 1
MG_20_41853_05,mgCST 1
MG_20_41865_05,mgCST 10
MG_20_41867_05,mgCST 11
MG_20_41889_05,mgCST 17
MG_20_41890_05,mgCST 9
MG_20_41898_05,mgCST 9
MG_20_41900_05,mgCST 6
MG_20_41914_05,mgCST 9
MG_20_41921_05,mgCST 9
MG_20_41959_05,mgCST 9
MG_20_41995_05,mgCST 10
MG_20_42030_05,mgCST 9
MG_20_42166_05,mgCST 9
MG_20_42222_05,mgCST 10
MG_20_42229_05,mgCST 1
MG_20_43053_05,mgCST 17
MG_20_43066_05,mgCST 11
MG_20_43070_05,mgCST 11
MG_20_43080_05,mgCST 1
MG_20_43105_05,mgCST 9
MG_20_43120_05,mgCST 20
MG_20_43167_05,mgCST 6
MG_20_43225_05,mgCST 6
MG_20_43253_05,mgCST 1
MG_20_43280_05,mgCST 1
MG_20_43288_05,mgCST 9
MG_20_43327_05,mgCST 11
MG_20_44202_05,mgCST 6
MG_20_44227_05,mgCST 11
MG_20_44231_05,mgCST 1
MG_20_44240_05,mgCST 17
MG_20_44250_05,mgCST 20
MG_20_44315_05,mgCST 19
MG_20_44318_05,mgCST 21
MG_20_44367_05,mgCST 1
MG_20_44374_05,mgCST 26
MG_20_44393_05,mgCST 9
MG_20_44405_05,mgCST 6
MG_20_44467_05,mgCST 1
MG_20_44907_05,mgCST 6
MG_20_44911_05,mgCST 3
MG_20_44961_05,mgCST 9
MG_20_45461_05,mgCST 9
MG_20_45464_05,mgCST 1
MG_20_45477_05,mgCST 1
MG_20_45479_05,mgCST 22
MG_20_45487_05,mgCST 6
MG_20_45509_05,mgCST 1
MG_20_45514_05,mgCST 6
MG_20_45558_05,mgCST 26
MG_20_45560_05,mgCST 26
MG_20_45600_05,mgCST 10
MG_20_46742_05,mgCST 9
MG_20_46895_05,mgCST 10
MG_20_46900_05,mgCST 6
MG_20_46924_05,mgCST 11
MG_20_46936_05,mgCST 9
MG_20_46937_05,mgCST 1
MG_20_46949_05,mgCST 6
MG_20_46985_05,mgCST 9
MG_20_47015_05,mgCST 12
MG_20_47027_05,mgCST 1
MG_20_47033_05B,mgCST 9
MG_20_47036_05,mgCST 9
MG_20_47049_05,mgCST 9
MG_20_47899_05,mgCST 9
MG_20_47928_05,mgCST 9
MG_20_47955_05,mgCST 17
MG_20_47959_05,mgCST 10
MG_20_48023_05,mgCST 17
MG_20_48033_05,mgCST 9
MG_20_48093_05,mgCST 1
MG_20_48099_05,mgCST 6
MG_20_49325_05,mgCST 26
MG_20_49329_05,mgCST 6
MG_20_49381_05,mgCST 1
MG_20_49386_05,mgCST 6
MG_20_49411_05,mgCST 9
MG_20_49492_05,mgCST 1
MG_20_49500_05,mgCST 9
MG_20_49549_05,mgCST 2
MG_20_49569_05B,mgCST 1
MG_20_49597_05,mgCST 6
MG_210294,mgCST 3
MG_210314,mgCST 3
MG_210338,mgCST 9
MG_210473,mgCST 1
MG_210545,mgCST 1
MG_210601,mgCST 1
MG_210665,mgCST 1
MG_210721,mgCST 1
MG_210780,mgCST 5
MG_210808,mgCST 5
MG_210852,mgCST 5
MG_210916,mgCST 5
MG_210948,mgCST 5
MG_211472,mgCST 22
MG_211528,mgCST 22
MG_211592,mgCST 10
MG_211656,mgCST 22
MG_211740,mgCST 22
MG_213335,mgCST 24
MG_213391,mgCST 22
MG_213562,mgCST 23
MG_213626,mgCST 19
MG_213746,mgCST 23
MG_213818,mgCST 10
MG_217355,mgCST 20
MG_217380,mgCST 20
MG_217403,mgCST 20
MG_217641,mgCST 4
MG_217688,mgCST 4
MG_218318,mgCST 11
MG_218366,mgCST 11
MG_218655,mgCST 19
MG_218679,mgCST 19
MG_218704,mgCST 19
MG_218723,mgCST 19
MG_219018,mgCST 10
MG_219082,mgCST 10
MG_219130,mgCST 10
MG_219210,mgCST 10
MG_219274,mgCST 10
MG_219662,mgCST 18
MG_219675,mgCST 18
MG_219682,mgCST 18
MG_219706,mgCST 18
MG_220366,mgCST 17
MG_220430,mgCST 23
MG_220502,mgCST 17
MG_220558,mgCST 17
MG_220638,mgCST 17
MG_221439,mgCST 1
MG_221459,mgCST 1
MG_221476,mgCST 1
MG_222093,mgCST 11
MG_222121b,mgCST 21
MG_222129b,mgCST 21
MG_222161b,mgCST 9
MG_222197,mgCST 11
MG_222253,mgCST 11
MG_222297,mgCST 21
MG_222359,mgCST 26
MG_222388,mgCST 26
MG_222406,mgCST 18
MG_222420,mgCST 26
MG_222476,mgCST 26
MG_222548,mgCST 26
MG_222636,mgCST 26
MG_222695,mgCST 11
MG_222717,mgCST 9
MG_222743,mgCST 9
MG_222781,mgCST 9
MG_222845,mgCST 9
MG_222921,mgCST 9
MG_222973,mgCST 9
MG_223370,mgCST 5
MG_223399,mgCST 5
MG_223417,mgCST 10
MG_223417_b,mgCST 10
MG_223463,mgCST 5
MG_223527,mgCST 5
MG_223591,mgCST 5
MG_223655,mgCST 5
MG_223715,mgCST 17
MG_223754,mgCST 26
MG_224059,mgCST 18
MG_224083,mgCST 26
MG_224107,mgCST 10
MG_224410,mgCST 1
MG_224458,mgCST 16
MG_224506,mgCST 9
MG_224558,mgCST 1
MG_224658,mgCST 10
MG_224917,mgCST 20
MG_224941,mgCST 18
MG_224961,mgCST 26
MG_225090,mgCST 4
MG_225118,mgCST 3
MG_225126,mgCST 3
MG_225150,mgCST 3
MG_225729,mgCST 3
MG_225776,mgCST 3
MG_226170,mgCST 17
MG_226198,mgCST 22
MG_226214,mgCST 3
MG_226241,mgCST 3
MG_226414,mgCST 19
MG_226446,mgCST 11
MG_226470,mgCST 11
MG_226531,mgCST 11
MG_226574,mgCST 18
MG_226594,mgCST 11
MG_226740,mgCST 25
MG_226769,mgCST 25
MG_226787,mgCST 25
MG_226813,mgCST 22
MG_226897,mgCST 25
MG_226961,mgCST 25
MG_227033,mgCST 11
MG_227093,mgCST 26
MG_227124,mgCST 18
MG_227144,mgCST 18
MG_227168,mgCST 15
MG_227188,mgCST 18
MG_227477,mgCST 20
MG_227505,mgCST 15
MG_227525,mgCST 20
MG_228087,mgCST 11
MG_228135,mgCST 19
MG_228425,mgCST 1
MG_228472,mgCST 1
MG_228854,mgCST 26
MG_228885,mgCST 26
MG_228909,mgCST 26
MG_228953,mgCST 1
MG_235318,mgCST 5
MG_235371,mgCST 15
MG_235407,mgCST 5
MG_253534,mgCST 9
MG_253574,mgCST 9
MG_253630,mgCST 9
MG_253682,mgCST 9
MG_253759,mgCST 9
MG_255555,mgCST 18
MG_255556,mgCST 20
MG_255557,mgCST 15
MG_255562,mgCST 3
MG_255563,mgCST 3
MG_255566,mgCST 20
MG_255567,mgCST 18
MG_255568,mgCST 3
MG_255569,mgCST 11
MG_255570,mgCST 9
MG_255573,mgCST 16
MG_255580,mgCST 18
MG_255581,mgCST 10
MG_255582,mgCST 18
MG_255585,mgCST 3
MG_255589,mgCST 1
MG_255590,mgCST 16
MG_255592,mgCST 16
MG_255597,mgCST 18
MG_255598,mgCST 20
MG_255610,mgCST 16
MG_255611,mgCST 3
MG_255612,mgCST 20
MG_255614,mgCST 3
MG_255616,mgCST 19
MG_255634,mgCST 10
MG_255635,mgCST 13
MG_255645,mgCST 20
MG_255646,mgCST 20
MG_255656,mgCST 20
MG_255657,mgCST 17
MG_255658,mgCST 20
MG_255659,mgCST 3
MG_255660,mgCST 3
MG_255663,mgCST 20
MG_255666,mgCST 20
MG_255672,mgCST 26
MG_255673,mgCST 10
MG_255677,mgCST 20
MG_255680,mgCST 18
MG_255681,mgCST 1
MG_255689,mgCST 26
MG_255690,mgCST 20
MG_255691,mgCST 9
MG_255692,mgCST 9
MG_255693,mgCST 3
MG_255694,mgCST 3
MG_256775,mgCST 1
MG_256831,mgCST 1
MG_256903,mgCST 1
MG_256968,mgCST 1
MG_257032,mgCST 1
MG_261195,mgCST 22
MG_261275,mgCST 3
MG_262965,mgCST 3
MG_262997,mgCST 9
MG_263077,mgCST 3
MG_263162,mgCST 3
MG_263210,mgCST 1
MG_30_00525_02,mgCST 16
MG_30_00528_02,mgCST 11
MG_30_00532_04,mgCST 26
MG_30_00536_05,mgCST 22
MG_30_00544_05,mgCST 15
MG_30_00545_03,mgCST 1
MG_30_00547_04,mgCST 1
MG_30_00548_02,mgCST 3
MG_30_00553_04,mgCST 12
MG_30_00558_04,mgCST 20
MG_30_00566_04,mgCST 9
MG_30_00568_05,mgCST 18
MG_30_00569_03,mgCST 11
MG_30_00594_02,mgCST 11
MG_30_00595_02,mgCST 1
MG_30_00596_05,mgCST 1
MG_30_00600_05,mgCST 26
MG_30_00609_05,mgCST 17
MG_30_00620_03,mgCST 1
MG_30_04004_02,mgCST 16
MG_30_04009_05,mgCST 1
MG_30_04010_04,mgCST 9
MG_30_04017_02,mgCST 15
MG_30_04023_05,mgCST 26
MG_30_04027_03,mgCST 9
MG_30_04033_03,mgCST 1
MG_30_04034_05,mgCST 15
MG_30_04036_04,mgCST 10
MG_30_04040_03,mgCST 9
MG_30_04043_03,mgCST 26
MG_30_04047_05,mgCST 9
MG_30_04058_05,mgCST 17
MG_30_04065_05,mgCST 9
MG_30_04082_03,mgCST 11
MG_30_04087_05,mgCST 1
MG_30_04088_05,mgCST 10
MG_30_04089_05,mgCST 20
MG_30_04094_03,mgCST 20
MG_30_04101_03,mgCST 15
MG_30_04104_03,mgCST 19
MG_30_04106_03,mgCST 26
MG_30_04107_03,mgCST 18
MG_30_04123_03,mgCST 9
MG_30_04124_03,mgCST 17
MG_30_04127_05,mgCST 14
MG_30_04128_03,mgCST 15
MG_30_04129_03,mgCST 19
MG_30_04135_05,mgCST 10
MG_30_04765_04,mgCST 19
MG_30_04791_02,mgCST 1
MG_30_04801_04,mgCST 15
MG_30_04809_04,mgCST 9
MG_30_04820_02,mgCST 12
MG_30_04911_05,mgCST 16
MG_30_04913_03,mgCST 16
MG_30_04914_05,mgCST 20
MG_30_04916_02,mgCST 26
MG_30_04921_03,mgCST 9
MG_30_04922_03,mgCST 15
MG_30_04934_05,mgCST 4
MG_30_04945_04,mgCST 9
MG_30_04950_02,mgCST 17
MG_30_05256_02,mgCST 1
MG_30_05260_05,mgCST 11
MG_30_05263_02,mgCST 20
MG_30_05293_04,mgCST 10
MG_30_05297_03,mgCST 1
MG_30_05298_04,mgCST 9
MG_30_05326_04,mgCST 9
MG_30_05331_04,mgCST 10
MG_30_05336_03,mgCST 26
MG_30_05434_02,mgCST 9
MG_30_05438_03,mgCST 3
MG_30_05443_04,mgCST 10
MG_30_05445_02,mgCST 9
MG_30_05449_04,mgCST 15
MG_30_05454_03,mgCST 9
MG_30_05455_04,mgCST 15
MG_30_05459_03,mgCST 21
MG_30_05474_05,mgCST 1
MG_30_05476_05,mgCST 1
MG_30_05477_04,mgCST 9
MG_30_05483_03,mgCST 10
MG_30_05486_03,mgCST 10
MG_30_05494_05,mgCST 20
MG_30_05509_02,mgCST 1
MG_30_05781_02,mgCST 1
MG_30_05792_02,mgCST 1
MG_30_05825_04,mgCST 9
MG_30_05842_03,mgCST 18
MG_30_05851_04B,mgCST 19
MG_30_05865_03,mgCST 1
MG_30_05890_04,mgCST 18
MG_30_05911_05,mgCST 19
MG_30_05932_02,mgCST 10
MG_30_05945_02,mgCST 18
MG_30_06667_05,mgCST 15
MG_30_06676_04,mgCST 13
MG_30_06699_04,mgCST 16
MG_30_06700_02,mgCST 15
MG_30_06948_04,mgCST 1
MG_30_06956_04,mgCST 11
MG_30_06963_02,mgCST 22
MG_30_06978_03,mgCST 11
MG_30_06987_03,mgCST 20
MG_30_07066_02,mgCST 16
MG_30_07086_05,mgCST 1
MG_30_07096_05,mgCST 9
MG_30_07097_02,mgCST 20
MG_30_07639_02,mgCST 20
MG_30_07641_02B,mgCST 19
MG_30_07648_05,mgCST 9
MG_30_07655_02,mgCST 1
MG_30_07669_03,mgCST 9
MG_30_07683_04,mgCST 9
MG_30_07724_04,mgCST 16
MG_30_07728_03,mgCST 10
MG_30_08151_03,mgCST 20
MG_30_08160_04,mgCST 1
MG_30_08171_02,mgCST 19
MG_30_08185_03,mgCST 15
MG_30_08187_02,mgCST 1
MG_30_08193_05,mgCST 16
MG_30_08200_03,mgCST 1
MG_30_08209_03,mgCST 2
MG_30_08210_04,mgCST 20
MG_30_08211_02,mgCST 10
MG_30_08220_03,mgCST 17
MG_30_08479_03,mgCST 10
MG_30_08480_05,mgCST 4
MG_30_08485_04,mgCST 10
MG_30_08488_04,mgCST 17
MG_30_08501_03,mgCST 16
MG_30_08532_02,mgCST 9
MG_30_08582_02,mgCST 9
MG_30_08604_03,mgCST 9
MG_30_08623_03,mgCST 18
MG_30_08639_05,mgCST 10
MG_30_08640_05,mgCST 9
MG_30_08662_03,mgCST 19
MG_30_09057_03,mgCST 1
MG_30_09062_03,mgCST 18
MG_30_09070_03,mgCST 1
MG_30_09071_04,mgCST 20
MG_30_09077_04,mgCST 18
MG_30_09089_04,mgCST 15
MG_30_09094_03,mgCST 9
MG_30_09099_05,mgCST 16
MG_30_09101_05,mgCST 1
MG_30_09107_05,mgCST 4
MG_30_09121_03,mgCST 18
MG_30_10078_03,mgCST 1
MG_30_10088_03,mgCST 17
MG_30_10109_02,mgCST 9
MG_30_10160_02,mgCST 9
MG_30_10165_02,mgCST 1
MG_30_10174_04,mgCST 10
MG_30_10191_03,mgCST 11
MG_30_10193_03B,mgCST 9
MG_30_10240_05,mgCST 9
MG_30_10245_05,mgCST 17
MG_30_10302_05,mgCST 15
MG_30_10305_02,mgCST 26
MG_30_10317_05,mgCST 18
MG_30_10318_02B,mgCST 9
MG_30_10537_02,mgCST 1
MG_30_10546_04,mgCST 26
MG_30_10561_03,mgCST 19
MG_30_10563_03,mgCST 16
MG_30_10566_05,mgCST 1
MG_30_10572_05,mgCST 10
MG_30_10597_05,mgCST 18
MG_30_10617_05,mgCST 9
MG_30_10621_05,mgCST 4
MG_30_10660_05,mgCST 26
MG_30_10693_02,mgCST 10
MG_30_10697_04,mgCST 11
MG_30_10710_04,mgCST 9
MG_30_11411_04,mgCST 10
MG_30_11432_03,mgCST 9
MG_30_11452_03,mgCST 10
MG_30_11459_03,mgCST 9
MG_30_11495_03,mgCST 11
MG_30_11517_02,mgCST 1
MG_30_11552_03,mgCST 11
MG_30_12189_03,mgCST 1
MG_30_12191_03B,mgCST 18
MG_30_12227_05,mgCST 9
MG_30_12231_03,mgCST 15
MG_30_12233_05,mgCST 9
MG_30_12270_05,mgCST 9
MG_30_12554_04,mgCST 18
MG_30_12557_04,mgCST 1
MG_30_12558_03,mgCST 18
MG_30_12564_03,mgCST 20
MG_30_12578_04,mgCST 13
MG_30_12584_04,mgCST 9
MG_30_12585_04,mgCST 4
MG_30_12586_04,mgCST 18
MG_30_12587_03,mgCST 9
MG_30_12594_02,mgCST 11
MG_30_12613_02,mgCST 9
MG_30_12615_03,mgCST 11
MG_30_13172_05,mgCST 10
MG_30_13175_04,mgCST 25
MG_30_13177_03,mgCST 9
MG_30_13179_05,mgCST 10
MG_30_13196_05,mgCST 10
MG_30_13199_05,mgCST 15
MG_30_13200_03,mgCST 1
MG_30_13268_03,mgCST 16
MG_30_13272_02,mgCST 1
MG_30_13273_05,mgCST 11
MG_30_13274_05,mgCST 22
MG_30_13282_05,mgCST 10
MG_30_13283_05,mgCST 11
MG_30_13307_04,mgCST 20
MG_30_13314_02,mgCST 1
MG_30_13329_04,mgCST 9
MG_30_13348_05,mgCST 4
MG_30_13827_03,mgCST 18
MG_30_13828_03,mgCST 9
MG_30_13863_03,mgCST 16
MG_30_13866_03,mgCST 10
MG_30_13871_04,mgCST 16
MG_30_13875_03,mgCST 19
MG_30_13876_03,mgCST 16
MG_30_13879_02,mgCST 15
MG_30_13881_03,mgCST 9
MG_30_13885_05,mgCST 16
MG_30_13886_03,mgCST 9
MG_30_13890_05,mgCST 20
MG_30_13896_03,mgCST 1
MG_30_13905_03,mgCST 10
MG_30_13917_02,mgCST 20
MG_30_14391_05,mgCST 11
MG_30_14400_05,mgCST 10
MG_30_14403_04,mgCST 17
MG_30_14407_05,mgCST 20
MG_30_14415_03,mgCST 1
MG_30_14416_03,mgCST 10
MG_30_14417_05,mgCST 11
MG_30_14418_03,mgCST 16
MG_30_14429_05,mgCST 1
MG_30_14434_03,mgCST 20
MG_30_14437_05,mgCST 18
MG_30_14444_03,mgCST 1
MG_30_14450_05,mgCST 1
MG_30_14458_05,mgCST 9
MG_30_15242_02,mgCST 1
MG_30_15243_05,mgCST 6
MG_30_15250_03,mgCST 19
MG_30_15254_02,mgCST 19
MG_30_15276_03,mgCST 19
MG_30_15282_02,mgCST 9
MG_30_15300_02,mgCST 15
MG_30_15311_02,mgCST 19
MG_30_16231_04,mgCST 16
MG_30_16239_02,mgCST 3
MG_30_16241_03,mgCST 1
MG_30_16242_05,mgCST 22
MG_30_16253_04,mgCST 19
MG_30_16279_02,mgCST 11
MG_30_16308_02,mgCST 19
MG_30_16318_03,mgCST 17
MG_30_16506_03,mgCST 1
MG_30_16514_05,mgCST 1
MG_30_16529_02,mgCST 26
MG_30_16558_02,mgCST 3
MG_30_16564_05,mgCST 1
MG_30_16565_03,mgCST 15
MG_30_17792_02,mgCST 1
MG_30_17796_04,mgCST 9
MG_30_17806_05,mgCST 9
MG_30_17819_04,mgCST 18
MG_339011,mgCST 15
MG_339043,mgCST 20
MG_339075,mgCST 11
MG_339107,mgCST 10
MG_339139,mgCST 15
MG_339171,mgCST 20
MG_339203,mgCST 11
MG_339235,mgCST 18
MG_339267,mgCST 10
MG_339299,mgCST 1
MG_339331,mgCST 15
MG_339363,mgCST 11
MG_339395,mgCST 18
MG_339427,mgCST 18
MG_339459,mgCST 21
MG_339491,mgCST 11
MG_339523,mgCST 11
MG_339555,mgCST 20
MG_339587,mgCST 19
MG_339619,mgCST 16
MG_339651,mgCST 18
MG_339683,mgCST 19
MG_339715,mgCST 2
MG_339747,mgCST 15
MG_339779,mgCST 20
MG_339811,mgCST 20
MG_339843,mgCST 17
MG_339875,mgCST 16
MG_339907,mgCST 24
MG_339939,mgCST 16
MG_339971,mgCST 20
MG_340003,mgCST 21
MG_340035,mgCST 15
MG_340067,mgCST 15
MG_340099,mgCST 18
MG_340131,mgCST 9
MG_340163,mgCST 20
MG_340195,mgCST 11
MG_340227,mgCST 20
MG_340259,mgCST 20
MG_340291,mgCST 9
MG_340323,mgCST 19
MG_340355,mgCST 16
MG_340387,mgCST 5
MG_340419,mgCST 14
MG_340483,mgCST 15
MG_340515,mgCST 19
MG_340547,mgCST 15
MG_340579,mgCST 17
MG_340595,mgCST 20
MG_340612,mgCST 26
MG_340629,mgCST 20
MG_340646,mgCST 21
MG_340663,mgCST 26
MG_340680,mgCST 22
MG_340697,mgCST 20
MG_340714,mgCST 26
MG_340731,mgCST 22
MG_340748,mgCST 22
MG_340765,mgCST 20
MG_340782,mgCST 22
MG_340799,mgCST 26
MG_340816,mgCST 15
MG_340833,mgCST 22
MG_340850,mgCST 22
MG_340867,mgCST 26
MG_340884,mgCST 22
MG_340901,mgCST 22
MG_340918,mgCST 22
MG_340935,mgCST 26
MG_340952,mgCST 26
MG_340969,mgCST 22
MG_340986,mgCST 26
MG_341003,mgCST 22
MG_341020,mgCST 22
MG_341037,mgCST 20
MG_341054,mgCST 26
MG_341071,mgCST 22
MG_341088,mgCST 20
MG_341105,mgCST 22
MG_341122,mgCST 20
MG_341139,mgCST 22
MG_341156,mgCST 22
MG_341173,mgCST 26
MG_341190,mgCST 14
MG_341207,mgCST 26
MG_341224,mgCST 11
MG_341241,mgCST 20
MG_341258,mgCST 22
MG_341275,mgCST 20
MG_341292,mgCST 26
MG_341309,mgCST 22
MG_341326,mgCST 22
MG_341343,mgCST 26
MG_341377,mgCST 22
MG_341394,mgCST 17
MG_341411,mgCST 26
MG_341428,mgCST 20
MG_4001201139,mgCST 18
MG_4001201189,mgCST 10
MG_4001201299,mgCST 26
MG_4001701169,mgCST 10
MG_4001701289,mgCST 26
MG_4003101299,mgCST 5
MG_4003101359,mgCST 5
MG_4003901219,mgCST 7
MG_4003901259,mgCST 7
MG_4003901309,mgCST 22
MG_4003901359,mgCST 25
MG_4003901409,mgCST 20
MG_4004001199,mgCST 1
MG_4004001239,mgCST 1
MG_4004001279,mgCST 1
MG_4004001329,mgCST 20
MG_4004001379,mgCST 25
MG_4004101369,mgCST 18
MG_4005501299,mgCST 9
MG_4005501399,mgCST 20
MG_4005701209,mgCST 7
MG_4005701249,mgCST 22
MG_4005701299,mgCST 7
MG_4005701349,mgCST 7
MG_4005701389,mgCST 7
MG_4006001189,mgCST 20
MG_4006001209,mgCST 20
MG_4006001239,mgCST 20
MG_4006001379,mgCST 17
MG_4006201179,mgCST 22
MG_4006201229,mgCST 26
MG_4006201279,mgCST 11
MG_4006201329,mgCST 11
MG_4006201399,mgCST 11
MG_4006301189,mgCST 11
MG_4006301229,mgCST 26
MG_4006301259,mgCST 18
MG_4006301339,mgCST 20
MG_4006701249,mgCST 9
MG_4006801179,mgCST 1
MG_4006801249,mgCST 1
MG_4006801269,mgCST 12
MG_4006801319,mgCST 1
MG_4006801359,mgCST 1
MG_4007601189,mgCST 14
MG_4007601239,mgCST 14
MG_4007601259,mgCST 14
MG_4007601279,mgCST 14
MG_4007601359,mgCST 1
MG_4007701189,mgCST 20
MG_4007701229,mgCST 18
MG_4007801189,mgCST 9
MG_4007801239,mgCST 9
MG_4007801279,mgCST 9
MG_4007801309,mgCST 9
MG_4007801349,mgCST 9
MG_4008001179,mgCST 22
MG_4008001269,mgCST 20
MG_4008001369,mgCST 10
MG_4008201229,mgCST 16
MG_4008201299,mgCST 16
MG_4008201359,mgCST 9
MG_4008201389,mgCST 10
MG_4008301179,mgCST 10
MG_4008301189,mgCST 5
MG_4008301219,mgCST 9
MG_4008301269,mgCST 3
MG_4008301279,mgCST 3
MG_4008501209,mgCST 18
MG_4008501249,mgCST 18
MG_4008501299,mgCST 20
MG_4008501339,mgCST 18
MG_4008501389,mgCST 1
MG_4008701169,mgCST 18
MG_4008701229,mgCST 11
MG_4008701279,mgCST 3
MG_4008701329,mgCST 1
MG_4008701379,mgCST 1
MG_4008801239,mgCST 1
MG_4008801259,mgCST 1
MG_4008801269,mgCST 26
MG_4008801279,mgCST 20
MG_4008801299,mgCST 22
MG_4008901169,mgCST 20
MG_4008901219,mgCST 20
MG_4008901269,mgCST 10
MG_4009001179,mgCST 19
MG_4009001219,mgCST 9
MG_4009001259,mgCST 19
MG_4009901279,mgCST 13
MG_4009901309,mgCST 13
MG_4009901339,mgCST 13
MG_4009901359,mgCST 13
MG_4010001169,mgCST 1
MG_4010001229,mgCST 1
MG_4010001279,mgCST 1
MG_4010001319,mgCST 1
MG_4010001379,mgCST 20
MG_4010101169,mgCST 3
MG_4010101219,mgCST 3
MG_4010101259,mgCST 3
MG_4010101289,mgCST 3
MG_4010101319,mgCST 3
MG_433788,mgCST 20
MG_433819,mgCST 9
MG_433850,mgCST 1
MG_433881,mgCST 20
MG_433912,mgCST 21
MG_433943,mgCST 1
MG_433974,mgCST 26
MG_434005,mgCST 20
MG_434036,mgCST 1
MG_434067,mgCST 10
MG_434098,mgCST 22
MG_434160,mgCST 22
MG_434191,mgCST 1
MG_434222,mgCST 18
MG_434253,mgCST 19
MG_434284,mgCST 11
MG_434315,mgCST 20
MG_434346,mgCST 6
MG_434377,mgCST 11
MG_434470,mgCST 20
MG_434501,mgCST 10
MG_434532,mgCST 22
MG_434563,mgCST 20
MG_434625,mgCST 15
MG_434656,mgCST 18
MG_435323,mgCST 22
MG_435357,mgCST 22
MG_435374,mgCST 17
MG_435391,mgCST 26
MG_435408,mgCST 26
MG_435425,mgCST 26
MG_435442,mgCST 21
MG_435459,mgCST 20
MG_435476,mgCST 22
MG_435493,mgCST 20
MG_435510,mgCST 26
MG_435561,mgCST 22
MG_435578,mgCST 20
MG_435595,mgCST 22
MG_435612,mgCST 20
MG_435629,mgCST 17
MG_435646,mgCST 20
MG_435663,mgCST 26
MG_435680,mgCST 20
MG_4905201199,mgCST 26
MG_4905201399,mgCST 18
MG_4907301169,mgCST 13
MG_4907301219,mgCST 13
MG_4907301259,mgCST 22
MG_4907301309,mgCST 13
MG_4907301369,mgCST 13
MG_FB04014209,mgCST 26
MG_UAB002_W10D4_181150,mgCST 4
MG_UAB002_W8D4_181086,mgCST 4
MG_UAB002_W9D7_181134,mgCST 4
MG_UAB0135_W1D1_228762,mgCST 26
MG_UAB0135_W1D3_228770,mgCST 26
MG_UAB0135_W1D6_228782,mgCST 26
MG_UAB0135_W2D2_228798,mgCST 26
MG_UAB0135_W2D4_228806,mgCST 26
MG_UAB0135_W2D6_228814,mgCST 26
MG_UAB053_W1D2_195635,mgCST 18
MG_UAB053_W1D6_195652,mgCST 18
MG_UAB053_W3D6_195716,mgCST 18
MG_UAB053_W3D7_195724,mgCST 18
MG_UAB061_W2D3_199362,mgCST 18
MG_UAB061_W2D6_199375,mgCST 18
MG_UAB061_W3D1_199387,mgCST 18
MG_UAB061_W3D4_199398,mgCST 18
MG_UAB061_W3D6_199406,mgCST 18
MG_UAB065_W2D5_200718,mgCST 9
MG_UAB065_W3D3_200743,mgCST 15
MG_UAB065_W3D5_200750,mgCST 10
MG_UAB065_W3D7_200763,mgCST 15
MG_UAB065_W4D2_200770,mgCST 9
NMH1,mgCST 9
NMH10,mgCST 23
NMH11,mgCST 26
NMH12,mgCST 7
NMH13,mgCST 1
NMH14,mgCST 23
NMH15,mgCST 12
NMH16,mgCST 22
NMH17,mgCST 1
NMH18,mgCST 9
NMH19,mgCST 9
NMH2,mgCST 12
NMH20,mgCST 23
NMH22,mgCST 4
NMH23,mgCST 9
NMH24,mgCST 1
NMH27,mgCST 4
NMH28,mgCST 22
NMH29,mgCST 1
NMH30,mgCST 12
NMH31,mgCST 3
NMH32,mgCST 9
NMH33,mgCST 17
NMH34,mgCST 9
NMH35,mgCST 22
NMH36,mgCST 10
NMH37,mgCST 12
NMH38,mgCST 9
NMH39,mgCST 7
NMH4,mgCST 1
NMH41,mgCST 23
NMH42,mgCST 1
NMH43,mgCST 1
NMH44,mgCST 9
NMH45,mgCST 9
NMH47,mgCST 17
NMH48,mgCST 25
NMH49,mgCST 7
NMH5,mgCST 10
NMH50,mgCST 9
NMH51,mgCST 22
NMH52,mgCST 12
NMH53,mgCST 4
NMH55,mgCST 22
NMH56,mgCST 23
NMH57,mgCST 1
NMH58,mgCST 1
NMH59,mgCST 7
NMH6,mgCST 7
NMH60,mgCST 1
NMH61,mgCST 8
NMH62,mgCST 1
NMH63,mgCST 17
NMH64,mgCST 20
NMH65,mgCST 9
NMH66,mgCST 9
NMH67,mgCST 10
NMH68,mgCST 25
NMH69,mgCST 22
NMH7,mgCST 14
NMH70,mgCST 3
NMH71,mgCST 13
NMH72,mgCST 9
NMH73,mgCST 12
NMH74,mgCST 1
NMH75,mgCST 11
NMH76,mgCST 25
NMH77,mgCST 9
NMH78,mgCST 9
NMH79,mgCST 10
NMH8,mgCST 4
NMH80,mgCST 1
NMH81,mgCST 3
NMH82,mgCST 1
NMH83,mgCST 25
NMH84,mgCST 9
NMH85,mgCST 1
NMH86,mgCST 7
NMH87,mgCST 12
NMH9,mgCST 1
PB003,mgCST 25
PB004,mgCST 1
PB005,mgCST 3
PB007,mgCST 1
PB009,mgCST 23
PB011,mgCST 1
PB013,mgCST 7
PB014,mgCST 9
PB025,mgCST 1
SRR10258541,mgCST 1
SRR10258542,mgCST 9
SRR10258543,mgCST 21
SRR10258544,mgCST 2
SRR10258545,mgCST 26
SRR10258546,mgCST 20
SRR10258547,mgCST 17
SRR10258548,mgCST 3
SRR10258549,mgCST 1
SRR10258550,mgCST 1
SRR10258551,mgCST 1
SRR10258552,mgCST 18
SRR10258553,mgCST 26
SRR10258554,mgCST 11
SRR10258555,mgCST 20
SRR10258556,mgCST 2
SRR10258557,mgCST 3
SRR10258558,mgCST 3
SRR10258559,mgCST 10
SRR10258560,mgCST 26
SRR10258561,mgCST 9
SRR10258562,mgCST 3
SRR10258563,mgCST 1
SRR10258564,mgCST 1
SRR10258565,mgCST 3
SRR10258566,mgCST 9
SRR10258567,mgCST 3
SRR10258568,mgCST 1
SRR10258569,mgCST 4
SRR10258570,mgCST 1
SRR10258571,mgCST 3
SRR10258572,mgCST 9
SRR10258573,mgCST 10
SRR10258574,mgCST 10
SRR10258575,mgCST 17
SRR11749262,mgCST 26
SRR11749263,mgCST 5
SRR11749264,mgCST 3
SRR11749265,mgCST 10
SRR11749266,mgCST 10
SRR11749267,mgCST 10
SRR11749268,mgCST 17
SRR11749269,mgCST 26
SRR11749270,mgCST 3
SRR11749271,mgCST 3
SRR11749272,mgCST 1
SRR11749273,mgCST 1
SRR11749274,mgCST 11
SRR11749275,mgCST 20
SRR11749276,mgCST 1
SRR11749277,mgCST 20
SRR11749278,mgCST 10
SRR11749279,mgCST 20
SRR11749280,mgCST 20
SRR11749281,mgCST 26
SRR11749282,mgCST 20
SRR11749283,mgCST 3
SRR11749284,mgCST 3
SRR11749285,mgCST 20
SRR11749286,mgCST 1
SRR11749287,mgCST 3
SRR11749288,mgCST 1
SRR11749289,mgCST 22
SRR11749290,mgCST 5
SRR11749291,mgCST 3
SRR11749292,mgCST 11
SRR18765383,mgCST 26
SRR18765384,mgCST 10
SRR18765386,mgCST 17
SRR18765387,mgCST 10
SRR18765389,mgCST 26
SRR18765391,mgCST 26
SRR18765392,mgCST 26
SRR18765393,mgCST 17
SRR18765395,mgCST 17
SRR18765396,mgCST 26
SRR18765398,mgCST 15
SRR18765399,mgCST 20
SRR18765400,mgCST 10
SRR18765402,mgCST 26
SRR18765403,mgCST 15
SRR18765405,mgCST 15
SRR18765406,mgCST 18
SRR18765408,mgCST 18
SRR18765409,mgCST 11
SRR18765412,mgCST 2
Length,mgCST 22
X323756_MG,mgCST 20
X323758_MG,mgCST 10
X323760_MG,mgCST 18
X323761_MG,mgCST 18
X323763_MG,mgCST 18
X323766_MG,mgCST 17
X323767_MG,mgCST 18
X323769_MG,mgCST 10
X323770_MG,mgCST 11
X323774_MG,mgCST 26
X323775_MG,mgCST 26
X323784_MG,mgCST 18
X323789_MG,mgCST 16
X323790_MG,mgCST 11
X323795_MG,mgCST 15
X323806_MG,mgCST 21
X323810_MG,mgCST 20
X323816_MG,mgCST 18
X323819_MG,mgCST 19
X323824_MG,mgCST 18
X323829_MG,mgCST 26
X323840_MG,mgCST 10
X323853_MG,mgCST 17
X323854_MG,mgCST 15
X323858_MG,mgCST 1
X323864_MG,mgCST 18
X323877_MG,mgCST 15
X323881_MG,mgCST 18
X323886_MG,mgCST 15
X323888_MG,mgCST 20
X323890_MG,mgCST 15
X323892_MG,mgCST 15
X323894_MG,mgCST 18
X323897_MG,mgCST 15
X323898_MG,mgCST 26
X323900_MG,mgCST 25
X342278_MG,mgCST 20
X342290_MG,mgCST 18
X342295_MG,mgCST 9
X342300_MG,mgCST 18
X342310_MG,mgCST 18
X342315_MG,mgCST 15
X342317_MG,mgCST 10
X342324_MG,mgCST 3
X342326_MG,mgCST 20
X342328_MG,mgCST 15
X342330_MG,mgCST 18
X342334_MG,mgCST 20
X342343_MG,mgCST 16
X342345_MG,mgCST 16
X342355_MG,mgCST 18
X342368_MG,mgCST 26
X342381_MG,mgCST 9
X342395_MG,mgCST 15
X342396_MG,mgCST 18
X342404_MG,mgCST 26
X342416_MG,mgCST 18
X342424_MG,mgCST 11
X342427_MG,mgCST 9
X342429_MG,mgCST 16
X342434_MG,mgCST 26
X342438_MG,mgCST 15
X342450_MG,mgCST 26
X342464_MG,mgCST 9
X342466_MG,mgCST 19
X342474_MG,mgCST 15
X342482_MG,mgCST 11
X342487_MG,mgCST 10
X342489_MG,mgCST 18
X342495_MG,mgCST 16
X342496_MG,mgCST 16
X342498_MG,mgCST 26
X342501_MG,mgCST 19
X342502_MG,mgCST 16
X342504_MG,mgCST 10
X342514_MG,mgCST 9
X342521_MG,mgCST 15
X342526_MG,mgCST 18
X342533_MG,mgCST 18
X342536_MG,mgCST 26
X342546_MG,mgCST 20
X342548_MG,mgCST 16
X342551_MG,mgCST 18
X342560_MG,mgCST 18
X342561_MG,mgCST 26
X342564_MG,mgCST 18
X342567_MG,mgCST 10
X342571_MG,mgCST 18
X342587_MG,mgCST 15
X342592_MG,mgCST 15
X342594_MG,mgCST 16
X342600_MG,mgCST 20
X342602_MG,mgCST 11
X342609_MG,mgCST 26
X342610_MG,mgCST 16
X342621_MG,mgCST 18
X342627_MG,mgCST 15
X342636_MG,mgCST 16
X342642_MG,mgCST 17
X342646_MG,mgCST 18
X342647_MG,mgCST 20
X342652_MG,mgCST 15
X342655_MG,mgCST 20
X342660_MG,mgCST 11
X342666_MG,mgCST 18
X342668_MG,mgCST 18
X342671_MG,mgCST 11
X342674_MG,mgCST 18
X342689_MG,mgCST 11
X342693_MG,mgCST 20
X342697_MG,mgCST 20
X342717_MG,mgCST 15
X342718_MG,mgCST 15
X342722_MG,mgCST 15
X342751_MG,mgCST 18
X342752_MG,mgCST 16
X342756_MG,mgCST 11
X342762_MG,mgCST 16
X342764_MG,mgCST 11
X342767_MG,mgCST 15
X342769_MG,mgCST 19
X342774_MG,mgCST 11
X342790_MG,mgCST 16
X342794_MG,mgCST 15
X342800_MG,mgCST 20
X342802_MG,mgCST 10
X342807_MG,mgCST 9
X342813_MG,mgCST 9
X342815_MG,mgCST 11
X342820_MG,mgCST 26
X342821_MG,mgCST 18
X342826_MG,mgCST 16
X342834_MG,mgCST 20
X342840_MG,mgCST 20
X342843_MG,mgCST 18
X342844_MG,mgCST 16
X342848_MG,mgCST 20
X342858_MG,mgCST 17
X342860_MG,mgCST 18
X342864_MG,mgCST 10
X342868_MG,mgCST 15
X342872_MG,mgCST 20
X342873_MG,mgCST 20
X342875_MG,mgCST 16
X342884_MG,mgCST 15
X342886_MG,mgCST 26
X342891_MG,mgCST 10
X342896_MG,mgCST 26
X342898_MG,mgCST 18
X342902_MG,mgCST 16
X342906_MG,mgCST 10
X342909_MG,mgCST 10
X342913_MG,mgCST 15
X342919_MG,mgCST 10
X342922_MG,mgCST 26
X342925_MG,mgCST 19
X342930_MG,mgCST 17
X342931_MG,mgCST 9
X342933_MG,mgCST 20
X342934_MG,mgCST 26
X342942_MG,mgCST 18
X342943_MG,mgCST 18
X342947_MG,mgCST 10
X342948_MG,mgCST 20
X342955_MG,mgCST 20
X342958_MG,mgCST 15
X342964_MG,mgCST 15
X342982_MG,mgCST 10
X342987_MG,mgCST 26
X343002_MG,mgCST 20
X343003_MG,mgCST 15
X343007_MG,mgCST 26
X343018_MG,mgCST 26
X343019_MG,mgCST 10
X343021_MG,mgCST 15
X343024_MG,mgCST 15
X343028_MG,mgCST 16
X343033_MG,mgCST 26
X343034_MG,mgCST 17
X343038_MG,mgCST 18
X343042_MG,mgCST 9
X343043_MG,mgCST 3
X343057_MG,mgCST 15
X343058_MG,mgCST 10
X343060_MG,mgCST 16
X343068_MG,mgCST 10
X343071_MG,mgCST 20
X343076_MG,mgCST 18
X343081_MG,mgCST 26
X343083_MG,mgCST 18
X343086_MG,mgCST 26
X343089_MG,mgCST 18
X343094_MG,mgCST 11
X343109_MG,mgCST 20
X343111_MG,mgCST 10
X343117_MG,mgCST 20
X343124_MG,mgCST 15
X343128_MG,mgCST 15
X343129_MG,mgCST 15
X343131_MG,mgCST 20
X343145_MG,mgCST 26
X343147_MG,mgCST 16
X343150_MG,mgCST 18
X343153_MG,mgCST 10
X343156_MG,mgCST 15
X343163_MG,mgCST 18
X343167_MG,mgCST 18
X343177_MG,mgCST 20
X343180_MG,mgCST 18
X343183_MG,mgCST 15
X343188_MG,mgCST 26
X343193_MG,mgCST 21
X343198_MG,mgCST 18
X343200_MG,mgCST 10
X343205_MG,mgCST 15
X343209_MG,mgCST 3
X343218_MG,mgCST 18
X343223_MG,mgCST 18
X343225_MG,mgCST 15
X343233_MG,mgCST 3
X343234_MG,mgCST 10
X343238_MG,mgCST 18
X343255_MG,mgCST 20
X343256_MG,mgCST 15
X343261_MG,mgCST 26
X343266_MG,mgCST 18
X343269_MG,mgCST 20
X343275_MG,mgCST 11
X343276_MG,mgCST 18
X343281_MG,mgCST 20
X343286_MG,mgCST 18
X343287_MG,mgCST 20
X343306_MG,mgCST 9
X343309_MG,mgCST 10
X343311_MG,mgCST 16
X343314_MG,mgCST 10
X343319_MG,mgCST 18
X343322_MG,mgCST 18
X343324_MG,mgCST 18
X343335_MG,mgCST 20
X343337_MG,mgCST 11
X343347_MG,mgCST 18
X343349_MG,mgCST 20
X343356_MG,mgCST 26
X343360_MG,mgCST 26
X343363_MG,mgCST 9
X343368_MG,mgCST 15
X343370_MG,mgCST 15
X343377_MG,mgCST 20
X343378_MG,mgCST 19
X343393_MG,mgCST 15
X343402_MG,mgCST 11
X343422_MG,mgCST 20
X343424_MG,mgCST 9
X343435_MG,mgCST 18
X343442_MG,mgCST 15
X343449_MG,mgCST 15
X343454_MG,mgCST 15
X343457_MG,mgCST 10
X343464_MG,mgCST 15
X343471_MG,mgCST 3
X343477_MG,mgCST 10
X343479_MG,mgCST 16
X343483_MG,mgCST 15
X343489_MG,mgCST 21
X343494_MG,mgCST 20
X343498_MG,mgCST 16
X343504_MG,mgCST 10
X343506_MG,mgCST 26
X343509_MG,mgCST 10
X343517_MG,mgCST 20
X343522_MG,mgCST 21
X343524_MG,mgCST 19
X343543_MG,mgCST 20
X343547_MG,mgCST 10
X343557_MG,mgCST 11
X343560_MG,mgCST 9
X343576_MG,mgCST 26
X343578_MG,mgCST 10
X343583_MG,mgCST 20
X343586_MG,mgCST 20
X343588_MG,mgCST 18
X343593_MG,mgCST 15
X343598_MG,mgCST 18
X343599_MG,mgCST 19
X343603_MG,mgCST 26
X343612_MG,mgCST 17
X343616_MG,mgCST 20
X343619_MG,mgCST 15
X343633_MG,mgCST 15
X343636_MG,mgCST 16
X343638_MG,mgCST 22
X343640_MG,mgCST 20
X343643_MG,mgCST 26
X343647_MG,mgCST 19
X343648_MG,mgCST 18
X343664_MG,mgCST 10
X343666_MG,mgCST 16
X343676_MG,mgCST 15
X343681_MG,mgCST 11
X343688_MG,mgCST 26
X343699_MG,mgCST 20
X343704_MG,mgCST 10
X343707_MG,mgCST 20
X343712_MG,mgCST 18
X343719_MG,mgCST 11
X343724_MG,mgCST 26
X343726_MG,mgCST 11
X343729_MG,mgCST 16
X343734_MG,mgCST 20
X343744_MG,mgCST 18
X343748_MG,mgCST 16
X343749_MG,mgCST 9
X343755_MG,mgCST 16
X343762_MG,mgCST 20
X343764_MG,mgCST 9
X343767_MG,mgCST 20
X343768_MG,mgCST 18
X343777_MG,mgCST 18
X343780_MG,mgCST 15
X343792_MG,mgCST 20
X343795_MG,mgCST 9
X343806_MG,mgCST 16
X343812_MG,mgCST 26
X343817_MG,mgCST 16
X343820_MG,mgCST 15
X343826_MG,mgCST 10
X343827_MG,mgCST 16
X343832_MG,mgCST 26
X343838_MG,mgCST 26
X343839_MG,mgCST 17
X343846_MG,mgCST 26
X343850_MG,mgCST 15
X343859_MG,mgCST 18
X343866_MG,mgCST 18
X343871_MG,mgCST 16
X343879_MG,mgCST 15
X343882_MG,mgCST 11
X343889_MG,mgCST 16
X343890_MG,mgCST 26
X343910_MG,mgCST 10
X343914_MG,mgCST 15
X343940_MG,mgCST 9
X343980_MG,mgCST 15
X343990_MG,mgCST 26
X343995_MG,mgCST 17
X344015_MG,mgCST 15
X344019_MG,mgCST 18
X344020_MG,mgCST 26
X344021_MG,mgCST 16
X344025_MG,mgCST 15
X344027_MG,mgCST 18
X344030_MG,mgCST 20
X344035_MG,mgCST 15
X344038_MG,mgCST 18
X344049_MG,mgCST 18
X344054_MG,mgCST 20
X344059_MG,mgCST 19
X344062_MG,mgCST 18
X344071_MG,mgCST 16
X344076_MG,mgCST 9
X344081_MG,mgCST 16
X344082_MG,mgCST 10
X344088_MG,mgCST 15
X344095_MG,mgCST 10
X344098_MG,mgCST 15
X344114_MG,mgCST 16
X344118_MG,mgCST 9
X344119_MG,mgCST 16
X344121_MG,mgCST 18
X344124_MG,mgCST 15
X344125_MG,mgCST 16
X344129_MG,mgCST 18
X344134_MG,mgCST 20
X344135_MG,mgCST 10
X344140_MG,mgCST 15
X344144_MG,mgCST 16
X348298_MG,mgCST 19
X323752_MG,mgCST 17
X323757_MG,mgCST 10
X323762_MG,mgCST 11
X323773_MG,mgCST 3
X323781_MG,mgCST 15
X323783_MG,mgCST 26
X323785_MG,mgCST 12
X323791_MG,mgCST 11
X323793_MG,mgCST 3
X323796_MG,mgCST 11
X323805_MG,mgCST 11
X323812_MG,mgCST 16
X323813_MG,mgCST 1
X323823_MG,mgCST 10
X323825_MG,mgCST 11
X323830_MG,mgCST 11
X323843_MG,mgCST 2
X323865_MG,mgCST 11
X323873_MG,mgCST 20
X323875_MG,mgCST 1
X323876_MG,mgCST 24
X323878_MG,mgCST 20
X323880_MG,mgCST 8
X323884_MG,mgCST 9
X323887_MG,mgCST 3
X323891_MG,mgCST 10
X323893_MG,mgCST 22
X323896_MG,mgCST 18
X342282_MG,mgCST 3
X342291_MG,mgCST 15
X342294_MG,mgCST 1
X342298_MG,mgCST 18
X342302_MG,mgCST 20
X342305_MG,mgCST 3
X342306_MG,mgCST 20
X342312_MG,mgCST 10
X342333_MG,mgCST 20
X342341_MG,mgCST 15
X342350_MG,mgCST 11
X342351_MG,mgCST 21
X342359_MG,mgCST 14
X342363_MG,mgCST 9
X342367_MG,mgCST 18
X342377_MG,mgCST 20
X342385_MG,mgCST 18
X342386_MG,mgCST 18
X342387_MG,mgCST 9
X342391_MG,mgCST 20
X342408_MG,mgCST 23
X342414_MG,mgCST 3
X342419_MG,mgCST 20
X342420_MG,mgCST 17
X342433_MG,mgCST 3
X342449_MG,mgCST 11
X342461_MG,mgCST 18
X342469_MG,mgCST 17
X342470_MG,mgCST 16
X342476_MG,mgCST 26
X342480_MG,mgCST 18
X342484_MG,mgCST 18
X342491_MG,mgCST 16
X342506_MG,mgCST 20
X342509_MG,mgCST 15
X342511_MG,mgCST 3
X342520_MG,mgCST 3
X342522_MG,mgCST 1
X342528_MG,mgCST 22
X342538_MG,mgCST 22
X342552_MG,mgCST 17
X342556_MG,mgCST 9
X342566_MG,mgCST 26
X342574_MG,mgCST 20
X342578_MG,mgCST 9
X342591_MG,mgCST 3
X342606_MG,mgCST 9
X342619_MG,mgCST 22
X342630_MG,mgCST 2
X342632_MG,mgCST 9
X342637_MG,mgCST 9
X342639_MG,mgCST 9
X342649_MG,mgCST 16
X342657_MG,mgCST 9
X342662_MG,mgCST 3
X342663_MG,mgCST 10
X342681_MG,mgCST 12
X342682_MG,mgCST 4
X342694_MG,mgCST 9
X342699_MG,mgCST 22
X342703_MG,mgCST 12
X342704_MG,mgCST 14
X342707_MG,mgCST 7
X342709_MG,mgCST 26
X342711_MG,mgCST 9
X342714_MG,mgCST 23
X342724_MG,mgCST 8
X342727_MG,mgCST 24
X342730_MG,mgCST 1
X342737_MG,mgCST 15
X342738_MG,mgCST 9
X342742_MG,mgCST 9
X342746_MG,mgCST 24
X342747_MG,mgCST 15
X342757_MG,mgCST 15
X342758_MG,mgCST 11
X342772_MG,mgCST 9
X342777_MG,mgCST 10
X342781_MG,mgCST 3
X342784_MG,mgCST 4
X342785_MG,mgCST 11
X342789_MG,mgCST 10
X342810_MG,mgCST 15
X342816_MG,mgCST 9
X342825_MG,mgCST 15
X342830_MG,mgCST 11
X342835_MG,mgCST 26
X342839_MG,mgCST 20
X342850_MG,mgCST 3
X342863_MG,mgCST 18
X342880_MG,mgCST 1
X342881_MG,mgCST 9
X342887_MG,mgCST 21
X342895_MG,mgCST 18
X342901_MG,mgCST 15
X342911_MG,mgCST 20
X342916_MG,mgCST 9
X342920_MG,mgCST 20
X342926_MG,mgCST 9
X342938_MG,mgCST 18
X342941_MG,mgCST 15
X342960_MG,mgCST 11
X342969_MG,mgCST 9
X342972_MG,mgCST 20
X342978_MG,mgCST 9
X342986_MG,mgCST 9
X342991_MG,mgCST 3
X342994_MG,mgCST 22
X342997_MG,mgCST 20
X343000_MG,mgCST 16
X343010_MG,mgCST 3
X343029_MG,mgCST 3
X343031_MG,mgCST 9
X343046_MG,mgCST 11
X343048_MG,mgCST 11
X343049_MG,mgCST 17
X343053_MG,mgCST 11
X343063_MG,mgCST 11
X343067_MG,mgCST 9
X343075_MG,mgCST 14
X343078_MG,mgCST 4
X343098_MG,mgCST 1
X343099_MG,mgCST 11
X343101_MG,mgCST 9
X343104_MG,mgCST 13
X343107_MG,mgCST 3
X343114_MG,mgCST 15
X343119_MG,mgCST 17
X343123_MG,mgCST 1
X343134_MG,mgCST 16
X343138_MG,mgCST 20
X343139_MG,mgCST 15
X343140_MG,mgCST 10
X343155_MG,mgCST 2
X343160_MG,mgCST 15
X343165_MG,mgCST 16
X343173_MG,mgCST 11
X343178_MG,mgCST 9
X343185_MG,mgCST 21
X343192_MG,mgCST 22
X343195_MG,mgCST 9
X343203_MG,mgCST 3
X343208_MG,mgCST 9
X343213_MG,mgCST 20
X343215_MG,mgCST 10
X343222_MG,mgCST 9
X343239_MG,mgCST 3
X343243_MG,mgCST 16
X343246_MG,mgCST 23
X343258_MG,mgCST 17
X343264_MG,mgCST 7
X343271_MG,mgCST 16
X343278_MG,mgCST 3
X343283_MG,mgCST 11
X343291_MG,mgCST 18
X343292_MG,mgCST 22
X343301_MG,mgCST 9
X343302_MG,mgCST 20
X343318_MG,mgCST 1
X343328_MG,mgCST 9
X343332_MG,mgCST 23
X343339_MG,mgCST 9
X343342_MG,mgCST 11
X343345_MG,mgCST 9
X343352_MG,mgCST 3
X343357_MG,mgCST 9
X343365_MG,mgCST 10
X343373_MG,mgCST 9
X343381_MG,mgCST 9
X343388_MG,mgCST 3
X343389_MG,mgCST 11
X343396_MG,mgCST 11
X343398_MG,mgCST 3
X343401_MG,mgCST 16
X343406_MG,mgCST 3
X343409_MG,mgCST 9
X343411_MG,mgCST 11
X343415_MG,mgCST 26
X343416_MG,mgCST 20
X343418_MG,mgCST 11
X343425_MG,mgCST 11
X343432_MG,mgCST 9
X343434_MG,mgCST 20
X343439_MG,mgCST 9
X343444_MG,mgCST 9
X343446_MG,mgCST 18
X343452_MG,mgCST 8
X343459_MG,mgCST 10
X343463_MG,mgCST 9
X343466_MG,mgCST 3
X343469_MG,mgCST 9
X343474_MG,mgCST 18
X343493_MG,mgCST 9
X343499_MG,mgCST 11
X343500_MG,mgCST 17
X343511_MG,mgCST 9
X343514_MG,mgCST 26
X343520_MG,mgCST 22
X343532_MG,mgCST 26
X343534_MG,mgCST 11
X343540_MG,mgCST 16
X343545_MG,mgCST 10
X343550_MG,mgCST 15
X343554_MG,mgCST 1
X343555_MG,mgCST 1
X343563_MG,mgCST 17
X343570_MG,mgCST 10
X343574_MG,mgCST 3
X343581_MG,mgCST 3
X343592_MG,mgCST 3
X343594_MG,mgCST 3
X343606_MG,mgCST 3
X343608_MG,mgCST 11
X343613_MG,mgCST 3
X343618_MG,mgCST 11
X343623_MG,mgCST 9
X343625_MG,mgCST 9
X343628_MG,mgCST 10
X343629_MG,mgCST 20
X343651_MG,mgCST 9
X343653_MG,mgCST 16
X343654_MG,mgCST 24
X343661_MG,mgCST 9
X343669_MG,mgCST 11
X343671_MG,mgCST 11
X343672_MG,mgCST 9
X343677_MG,mgCST 10
X343683_MG,mgCST 3
X343686_MG,mgCST 3
X343691_MG,mgCST 10
X343694_MG,mgCST 18
X343695_MG,mgCST 24
X343701_MG,mgCST 21
X343709_MG,mgCST 4
X343714_MG,mgCST 3
X343716_MG,mgCST 21
X343720_MG,mgCST 11
X343731_MG,mgCST 1
X343735_MG,mgCST 3
X343750_MG,mgCST 9
X343754_MG,mgCST 9
X343759_MG,mgCST 9
X343782_MG,mgCST 22
X343783_MG,mgCST 3
X343797_MG,mgCST 22
X343801_MG,mgCST 12
X343802_MG,mgCST 11
X343807_MG,mgCST 11
X343808_MG,mgCST 11
X343815_MG,mgCST 2
X343822_MG,mgCST 14
X343830_MG,mgCST 23
X343845_MG,mgCST 22
X343851_MG,mgCST 9
X343853_MG,mgCST 9
X343856_MG,mgCST 9
X343861_MG,mgCST 9
X343862_MG,mgCST 9
X343869_MG,mgCST 9
X343875_MG,mgCST 3
X343876_MG,mgCST 15
X343884_MG,mgCST 4
X343887_MG,mgCST 1
X343895_MG,mgCST 9
X343897_MG,mgCST 18
X343900_MG,mgCST 9
X343902_MG,mgCST 15
X343904_MG,mgCST 10
X343907_MG,mgCST 16
X343912_MG,mgCST 26
X343917_MG,mgCST 17
X343920_MG,mgCST 1
X343944_MG,mgCST 15
X343960_MG,mgCST 15
X343963_MG,mgCST 1
X343982_MG,mgCST 15
X343991_MG,mgCST 3
X343999_MG,mgCST 23
X344000_MG,mgCST 15
X344001_MG,mgCST 11
X344005_MG,mgCST 7
X344009_MG,mgCST 9
X344010_MG,mgCST 10
X344013_MG,mgCST 26
X344032_MG,mgCST 1
X344041_MG,mgCST 16
X344043_MG,mgCST 26
X344046_MG,mgCST 14
X344048_MG,mgCST 16
X344056_MG,mgCST 1
X344061_MG,mgCST 18
X344066_MG,mgCST 9
X344070_MG,mgCST 3
X344078_MG,mgCST 14
X344086_MG,mgCST 9
X344091_MG,mgCST 9
X344102_MG,mgCST 11
X344105_MG,mgCST 21
X344109_MG,mgCST 17
X344130_MG,mgCST 9
X344139_MG,mgCST 11
X344145_MG,mgCST 9
